[0m19:15:47.251436 [debug] [MainThread]: Sending event: {'category': 'dbt', 'action': 'invocation', 'label': 'start', 'context': [<snowplow_tracker.self_describing_json.SelfDescribingJson object at 0x1092fe150>, <snowplow_tracker.self_describing_json.SelfDescribingJson object at 0x109c9c9b0>, <snowplow_tracker.self_describing_json.SelfDescribingJson object at 0x109c9c6e0>]}


============================== 19:15:47.253493 | cf73d76b-a2d5-4a8a-82b6-f4076bbf7353 ==============================
[0m19:15:47.253493 [info ] [MainThread]: Running with dbt=1.11.9
[0m19:15:47.253708 [debug] [MainThread]: running dbt with arguments {'partial_parse': 'True', 'log_cache_events': 'False', 'warn_error': 'None', 'empty': 'None', 'warn_error_options': 'WarnErrorOptionsV2(error=[], warn=[], silence=[])', 'send_anonymous_usage_stats': 'True', 'use_colors': 'True', 'introspect': 'True', 'write_json': 'True', 'no_print': 'None', 'profiles_dir': '/Users/srujan/.dbt', 'log_format': 'default', 'indirect_selection': 'eager', 'quiet': 'False', 'fail_fast': 'False', 'version_check': 'True', 'debug': 'False', 'invocation_command': 'dbt init', 'cache_selected_only': 'False', 'static_parser': 'True', 'use_experimental_parser': 'False', 'target_path': 'None', 'log_path': 'logs', 'printer_width': '80'}
[0m19:15:47.260362 [info ] [MainThread]: Creating dbt configuration folder at /Users/srujan/.dbt
[0m19:16:07.477336 [debug] [MainThread]: Starter project path: /Users/srujan/dbt_learn/dbtenv/lib/python3.12/site-packages/dbt/include/starter_project
[0m19:16:07.486378 [info ] [MainThread]: 
Your new dbt project "dbt_learn_repository" was created!

For more information on how to configure the profiles.yml file,
please consult the dbt documentation here:

  https://docs.getdbt.com/docs/configure-your-profile

One more thing:

Need help? Don't hesitate to reach out to us via GitHub issues or on Slack:

  https://community.getdbt.com/

Happy modeling!

[0m19:16:07.487080 [info ] [MainThread]: Setting up your profile.
[0m19:16:48.368729 [debug] [MainThread]: Snowflake adapter: Setting snowflake.connector to ERROR (file logging only)
[0m19:16:48.369084 [debug] [MainThread]: Snowflake adapter: Setting botocore to ERROR (file logging only)
[0m19:16:48.369213 [debug] [MainThread]: Snowflake adapter: Setting boto3 to ERROR (file logging only)
[0m09:15:21.414628 [info ] [MainThread]: Profile dbt_learn_repository written to /Users/srujan/.dbt/profiles.yml using target's profile_template.yml and your supplied values. Run 'dbt debug' to validate the connection.
[0m09:15:21.479135 [debug] [MainThread]: Resource report: {"command_name": "init", "command_success": true, "command_wall_clock_time": 13189.94, "process_in_blocks": "0", "process_kernel_time": 0.177617, "process_mem_max_rss": "129908736", "process_out_blocks": "0", "process_user_time": 0.60704}
[0m09:15:21.481653 [debug] [MainThread]: Command `dbt init` succeeded at 09:15:21.481485 after 13189.94 seconds
[0m09:15:21.482512 [debug] [MainThread]: Sending event: {'category': 'dbt', 'action': 'invocation', 'label': 'end', 'context': [<snowplow_tracker.self_describing_json.SelfDescribingJson object at 0x10e779cd0>, <snowplow_tracker.self_describing_json.SelfDescribingJson object at 0x10eb487d0>, <snowplow_tracker.self_describing_json.SelfDescribingJson object at 0x10eb48890>]}
[0m09:15:21.483356 [debug] [MainThread]: Flushing usage events
[0m09:15:21.592889 [debug] [MainThread]: An error was encountered while trying to flush usage events
[0m09:37:35.062973 [debug] [MainThread]: Sending event: {'category': 'dbt', 'action': 'invocation', 'label': 'start', 'context': [<snowplow_tracker.self_describing_json.SelfDescribingJson object at 0x107403bf0>, <snowplow_tracker.self_describing_json.SelfDescribingJson object at 0x107aa08c0>, <snowplow_tracker.self_describing_json.SelfDescribingJson object at 0x107aa0650>]}


============================== 09:37:35.065236 | aa22d26e-9973-4887-9c98-aa0b19a13301 ==============================
[0m09:37:35.065236 [info ] [MainThread]: Running with dbt=1.11.9
[0m09:37:35.065464 [debug] [MainThread]: running dbt with arguments {'empty': 'None', 'use_colors': 'True', 'log_format': 'default', 'no_print': 'None', 'log_cache_events': 'False', 'use_experimental_parser': 'False', 'introspect': 'True', 'debug': 'False', 'quiet': 'False', 'invocation_command': 'dbt debug', 'cache_selected_only': 'False', 'partial_parse': 'True', 'static_parser': 'True', 'fail_fast': 'False', 'warn_error_options': 'WarnErrorOptionsV2(error=[], warn=[], silence=[])', 'send_anonymous_usage_stats': 'True', 'log_path': '/Users/srujan/dbt_learn/dbt_learn_repository/logs', 'target_path': 'None', 'profiles_dir': '/Users/srujan/.dbt', 'indirect_selection': 'eager', 'warn_error': 'None', 'version_check': 'True', 'printer_width': '80', 'write_json': 'True'}
[0m09:37:35.072926 [info ] [MainThread]: dbt version: 1.11.9
[0m09:37:35.073073 [info ] [MainThread]: python version: 3.12.6
[0m09:37:35.073168 [info ] [MainThread]: python path: /Users/srujan/dbt_learn/dbtenv/bin/python3.12
[0m09:37:35.073249 [info ] [MainThread]: os info: macOS-26.3.1-arm64-arm-64bit
[0m09:37:35.248359 [debug] [MainThread]: Snowflake adapter: Setting snowflake.connector to ERROR (file logging only)
[0m09:37:35.248550 [debug] [MainThread]: Snowflake adapter: Setting botocore to ERROR (file logging only)
[0m09:37:35.248649 [debug] [MainThread]: Snowflake adapter: Setting boto3 to ERROR (file logging only)
[0m09:37:35.290186 [info ] [MainThread]: Using profiles dir at /Users/srujan/.dbt
[0m09:37:35.290399 [info ] [MainThread]: Using profiles.yml file at /Users/srujan/.dbt/profiles.yml
[0m09:37:35.290497 [info ] [MainThread]: Using dbt_project.yml file at /Users/srujan/dbt_learn/dbt_learn_repository/dbt_project.yml
[0m09:37:35.290838 [info ] [MainThread]: adapter type: snowflake
[0m09:37:35.290924 [info ] [MainThread]: adapter version: 1.11.4
[0m09:37:35.323060 [info ] [MainThread]: Configuration:
[0m09:37:35.323244 [info ] [MainThread]:   profiles.yml file [[32mOK found and valid[0m]
[0m09:37:35.323335 [info ] [MainThread]:   dbt_project.yml file [[32mOK found and valid[0m]
[0m09:37:35.323421 [info ] [MainThread]: Required dependencies:
[0m09:37:35.323554 [debug] [MainThread]: Executing "git --help"
[0m09:37:35.348383 [debug] [MainThread]: STDOUT: "b"usage: git [-v | --version] [-h | --help] [-C <path>] [-c <name>=<value>]\n           [--exec-path[=<path>]] [--html-path] [--man-path] [--info-path]\n           [-p | --paginate | -P | --no-pager] [--no-replace-objects] [--no-lazy-fetch]\n           [--no-optional-locks] [--no-advice] [--bare] [--git-dir=<path>]\n           [--work-tree=<path>] [--namespace=<name>] [--config-env=<name>=<envvar>]\n           <command> [<args>]\n\nThese are common Git commands used in various situations:\n\nstart a working area (see also: git help tutorial)\n   clone      Clone a repository into a new directory\n   init       Create an empty Git repository or reinitialize an existing one\n\nwork on the current change (see also: git help everyday)\n   add        Add file contents to the index\n   mv         Move or rename a file, a directory, or a symlink\n   restore    Restore working tree files\n   rm         Remove files from the working tree and from the index\n\nexamine the history and state (see also: git help revisions)\n   bisect     Use binary search to find the commit that introduced a bug\n   diff       Show changes between commits, commit and working tree, etc\n   grep       Print lines matching a pattern\n   log        Show commit logs\n   show       Show various types of objects\n   status     Show the working tree status\n\ngrow, mark and tweak your common history\n   backfill   Download missing objects in a partial clone\n   branch     List, create, or delete branches\n   commit     Record changes to the repository\n   merge      Join two or more development histories together\n   rebase     Reapply commits on top of another base tip\n   reset      Reset current HEAD to the specified state\n   switch     Switch branches\n   tag        Create, list, delete or verify a tag object signed with GPG\n\ncollaborate (see also: git help workflows)\n   fetch      Download objects and refs from another repository\n   pull       Fetch from and integrate with another repository or a local branch\n   push       Update remote refs along with associated objects\n\n'git help -a' and 'git help -g' list available subcommands and some\nconcept guides. See 'git help <command>' or 'git help <concept>'\nto read about a specific subcommand or concept.\nSee 'git help git' for an overview of the system.\n""
[0m09:37:35.348914 [debug] [MainThread]: STDERR: "b''"
[0m09:37:35.349045 [info ] [MainThread]:  - git [[32mOK found[0m]

[0m09:37:35.349161 [info ] [MainThread]: Connection:
[0m09:37:35.349309 [info ] [MainThread]:   account: FQBQGUB-OPC39548
[0m09:37:35.349392 [info ] [MainThread]:   user: gundasn
[0m09:37:35.349475 [info ] [MainThread]:   database: DBT_DEMO
[0m09:37:35.349554 [info ] [MainThread]:   warehouse: COMPUTE_WH
[0m09:37:35.349627 [info ] [MainThread]:   role: ACCOUNTADMIN
[0m09:37:35.349704 [info ] [MainThread]:   schema: public
[0m09:37:35.349778 [info ] [MainThread]:   authenticator: None
[0m09:37:35.349850 [info ] [MainThread]:   oauth_client_id: None
[0m09:37:35.349921 [info ] [MainThread]:   query_tag: None
[0m09:37:35.349995 [info ] [MainThread]:   client_session_keep_alive: False
[0m09:37:35.350070 [info ] [MainThread]:   host: None
[0m09:37:35.350143 [info ] [MainThread]:   port: None
[0m09:37:35.350216 [info ] [MainThread]:   proxy_host: None
[0m09:37:35.350292 [info ] [MainThread]:   proxy_port: None
[0m09:37:35.350363 [info ] [MainThread]:   protocol: None
[0m09:37:35.350433 [info ] [MainThread]:   connect_retries: 1
[0m09:37:35.350503 [info ] [MainThread]:   connect_timeout: None
[0m09:37:35.350573 [info ] [MainThread]:   retry_on_database_errors: False
[0m09:37:35.350646 [info ] [MainThread]:   retry_all: False
[0m09:37:35.350715 [info ] [MainThread]:   insecure_mode: False
[0m09:37:35.350785 [info ] [MainThread]:   reuse_connections: True
[0m09:37:35.350858 [info ] [MainThread]:   s3_stage_vpce_dns_name: None
[0m09:37:35.350929 [info ] [MainThread]:   platform_detection_timeout_seconds: 0.0
[0m09:37:35.351258 [info ] [MainThread]: Registered adapter: snowflake=1.11.4
[0m09:37:35.398065 [debug] [MainThread]: Acquiring new snowflake connection 'debug'
[0m09:37:35.420898 [debug] [MainThread]: Using snowflake connection "debug"
[0m09:37:35.421064 [debug] [MainThread]: On debug: select 1 as id
[0m09:37:35.421151 [debug] [MainThread]: Opening a new connection, currently in state init
[0m09:37:36.818543 [debug] [MainThread]: SQL status: SUCCESS 1 in 1.397 seconds
[0m09:37:36.821168 [info ] [MainThread]:   Connection test: [[32mOK connection ok[0m]

[0m09:37:36.821629 [info ] [MainThread]: [32mAll checks passed![0m
[0m09:37:36.826354 [debug] [MainThread]: Resource report: {"command_name": "debug", "command_success": true, "command_wall_clock_time": 1.7948967, "process_in_blocks": "0", "process_kernel_time": 0.180825, "process_mem_max_rss": "159858688", "process_out_blocks": "0", "process_user_time": 0.792282}
[0m09:37:36.826803 [debug] [MainThread]: Command `dbt debug` succeeded at 09:37:36.826692 after 1.80 seconds
[0m09:37:36.827087 [debug] [MainThread]: Connection 'debug' was left open.
[0m09:37:36.827290 [debug] [MainThread]: On debug: Close
[0m09:37:36.916389 [debug] [MainThread]: Sending event: {'category': 'dbt', 'action': 'invocation', 'label': 'end', 'context': [<snowplow_tracker.self_describing_json.SelfDescribingJson object at 0x108b658e0>, <snowplow_tracker.self_describing_json.SelfDescribingJson object at 0x107a433e0>, <snowplow_tracker.self_describing_json.SelfDescribingJson object at 0x10849ddc0>]}
[0m09:37:36.917746 [debug] [MainThread]: Flushing usage events
[0m09:37:42.029235 [debug] [MainThread]: An error was encountered while trying to flush usage events
[0m10:24:23.313627 [debug] [MainThread]: Sending event: {'category': 'dbt', 'action': 'invocation', 'label': 'start', 'context': [<snowplow_tracker.self_describing_json.SelfDescribingJson object at 0x1072f6450>, <snowplow_tracker.self_describing_json.SelfDescribingJson object at 0x1079f85f0>, <snowplow_tracker.self_describing_json.SelfDescribingJson object at 0x1079f8380>]}


============================== 10:24:23.316202 | 7b3d3c2e-f580-40a5-9b51-29a2e01a6a72 ==============================
[0m10:24:23.316202 [info ] [MainThread]: Running with dbt=1.11.9
[0m10:24:23.316438 [debug] [MainThread]: running dbt with arguments {'log_cache_events': 'False', 'log_path': '/Users/srujan/dbt_learn/dbt_learn_repository/logs', 'fail_fast': 'False', 'partial_parse': 'True', 'empty': 'False', 'no_print': 'None', 'profiles_dir': '/Users/srujan/.dbt', 'write_json': 'True', 'warn_error_options': 'WarnErrorOptionsV2(error=[], warn=[], silence=[])', 'introspect': 'True', 'static_parser': 'True', 'quiet': 'False', 'target_path': 'None', 'indirect_selection': 'eager', 'send_anonymous_usage_stats': 'True', 'warn_error': 'None', 'printer_width': '80', 'version_check': 'True', 'use_experimental_parser': 'False', 'cache_selected_only': 'False', 'invocation_command': 'dbt run --models my_first_dbt_model', 'log_format': 'default', 'use_colors': 'True', 'debug': 'False'}
[0m10:24:23.316638 [warn ] [MainThread]: [[33mWARNING[0m]: Deprecated functionality
Usage of `--models`, `--model`, and `-m` is deprecated in favor of `--select` or
`-s`.
[0m10:24:23.316774 [debug] [MainThread]: Sending event: {'category': 'dbt', 'action': 'deprecation', 'label': '7b3d3c2e-f580-40a5-9b51-29a2e01a6a72', 'property_': 'warn', 'context': [<snowplow_tracker.self_describing_json.SelfDescribingJson object at 0x1077969c0>]}
[0m10:24:23.524462 [debug] [MainThread]: Snowflake adapter: Setting snowflake.connector to ERROR (file logging only)
[0m10:24:23.524662 [debug] [MainThread]: Snowflake adapter: Setting botocore to ERROR (file logging only)
[0m10:24:23.524766 [debug] [MainThread]: Snowflake adapter: Setting boto3 to ERROR (file logging only)
[0m10:24:23.610118 [debug] [MainThread]: Sending event: {'category': 'dbt', 'action': 'project_id', 'label': '7b3d3c2e-f580-40a5-9b51-29a2e01a6a72', 'context': [<snowplow_tracker.self_describing_json.SelfDescribingJson object at 0x108a45fa0>]}
[0m10:24:23.629095 [debug] [MainThread]: Sending event: {'category': 'dbt', 'action': 'adapter_info', 'label': '7b3d3c2e-f580-40a5-9b51-29a2e01a6a72', 'context': [<snowplow_tracker.self_describing_json.SelfDescribingJson object at 0x106b8a180>]}
[0m10:24:23.629572 [info ] [MainThread]: Registered adapter: snowflake=1.11.4
[0m10:24:23.677094 [debug] [MainThread]: checksum: f8bb6a62265c70f2530bed05e52c2cee1c1844b101d398a67d5798350ab914c5, vars: {}, profile: , target: , version: 1.11.9
[0m10:24:23.677443 [info ] [MainThread]: Unable to do partial parsing because saved manifest not found. Starting full parse.
[0m10:24:23.677589 [debug] [MainThread]: Sending event: {'category': 'dbt', 'action': 'partial_parser', 'label': '7b3d3c2e-f580-40a5-9b51-29a2e01a6a72', 'context': [<snowplow_tracker.self_describing_json.SelfDescribingJson object at 0x1079c7140>]}
[0m10:24:24.116545 [debug] [MainThread]: Sending event: {'category': 'dbt', 'action': 'load_project', 'label': '7b3d3c2e-f580-40a5-9b51-29a2e01a6a72', 'context': [<snowplow_tracker.self_describing_json.SelfDescribingJson object at 0x109d98f80>]}
[0m10:24:24.173587 [debug] [MainThread]: Wrote artifact WritableManifest to /Users/srujan/dbt_learn/dbt_learn_repository/target/manifest.json
[0m10:24:24.174724 [debug] [MainThread]: Wrote artifact SemanticManifest to /Users/srujan/dbt_learn/dbt_learn_repository/target/semantic_manifest.json
[0m10:24:24.179704 [debug] [MainThread]: Sending event: {'category': 'dbt', 'action': 'resource_counts', 'label': '7b3d3c2e-f580-40a5-9b51-29a2e01a6a72', 'context': [<snowplow_tracker.self_describing_json.SelfDescribingJson object at 0x109e00c50>]}
[0m10:24:24.179867 [info ] [MainThread]: Found 4 models, 4 data tests, 525 macros
[0m10:24:24.179980 [debug] [MainThread]: Sending event: {'category': 'dbt', 'action': 'runnable_timing', 'label': '7b3d3c2e-f580-40a5-9b51-29a2e01a6a72', 'context': [<snowplow_tracker.self_describing_json.SelfDescribingJson object at 0x109e1f560>]}
[0m10:24:24.180552 [info ] [MainThread]: 
[0m10:24:24.180668 [info ] [MainThread]: Concurrency: 1 threads (target='dev')
[0m10:24:24.180757 [info ] [MainThread]: 
[0m10:24:24.180926 [debug] [MainThread]: Acquiring new snowflake connection 'master'
[0m10:24:24.181231 [debug] [ThreadPool]: Acquiring new snowflake connection 'list_DBT_DEMO'
[0m10:24:24.207462 [debug] [ThreadPool]: Using snowflake connection "list_DBT_DEMO"
[0m10:24:24.207629 [debug] [ThreadPool]: On list_DBT_DEMO: show terse schemas in database DBT_DEMO
    limit 10000
/* {"app": "dbt", "dbt_version": "1.11.9", "profile_name": "dbt_learn_repository", "target_name": "dev", "connection_name": "list_DBT_DEMO"} */
[0m10:24:24.207720 [debug] [ThreadPool]: Opening a new connection, currently in state init
[0m10:24:25.467786 [debug] [ThreadPool]: SQL status: SUCCESS 2 in 1.260 seconds
[0m10:24:25.472718 [debug] [ThreadPool]: Re-using an available connection from the pool (formerly list_DBT_DEMO, now list_DBT_DEMO_public)
[0m10:24:25.481275 [debug] [ThreadPool]: Using snowflake connection "list_DBT_DEMO_public"
[0m10:24:25.481513 [debug] [ThreadPool]: On list_DBT_DEMO_public: show objects in DBT_DEMO.public
    limit 10000
    

/* {"app": "dbt", "dbt_version": "1.11.9", "profile_name": "dbt_learn_repository", "target_name": "dev", "connection_name": "list_DBT_DEMO_public"} */;
[0m10:24:25.587522 [debug] [ThreadPool]: SQL status: SUCCESS 0 in 0.106 seconds
[0m10:24:25.590594 [debug] [MainThread]: Sending event: {'category': 'dbt', 'action': 'runnable_timing', 'label': '7b3d3c2e-f580-40a5-9b51-29a2e01a6a72', 'context': [<snowplow_tracker.self_describing_json.SelfDescribingJson object at 0x105f09c70>]}
[0m10:24:25.594394 [debug] [Thread-2 (]: Began running node model.dbt_learn_repository.my_first_dbt_model
[0m10:24:25.595210 [info ] [Thread-2 (]: 1 of 1 START sql table model public.my_first_dbt_model ......................... [RUN]
[0m10:24:25.595792 [debug] [Thread-2 (]: Re-using an available connection from the pool (formerly list_DBT_DEMO_public, now model.dbt_learn_repository.my_first_dbt_model)
[0m10:24:25.596204 [debug] [Thread-2 (]: Began compiling node model.dbt_learn_repository.my_first_dbt_model
[0m10:24:25.604552 [debug] [Thread-2 (]: Writing injected SQL for node "model.dbt_learn_repository.my_first_dbt_model"
[0m10:24:25.605631 [debug] [Thread-2 (]: Began executing node model.dbt_learn_repository.my_first_dbt_model
[0m10:24:25.627608 [debug] [Thread-2 (]: Writing runtime sql for node "model.dbt_learn_repository.my_first_dbt_model"
[0m10:24:25.628513 [debug] [Thread-2 (]: Using snowflake connection "model.dbt_learn_repository.my_first_dbt_model"
[0m10:24:25.628711 [debug] [Thread-2 (]: On model.dbt_learn_repository.my_first_dbt_model: create or replace transient table DBT_DEMO.public.my_first_dbt_model
    
    
    
    as (/*
    Welcome to your first dbt model!
    Did you know that you can also configure models directly within SQL files?
    This will override configurations stated in dbt_project.yml

    Try changing "table" to "view" below
*/



with source_data as (

    select 1 as id
    union all
    select null as id

)

select *
from source_data

/*
    Uncomment the line below to remove records with null `id` values
*/

-- where id is not null
    )

/* {"app": "dbt", "dbt_version": "1.11.9", "profile_name": "dbt_learn_repository", "target_name": "dev", "node_id": "model.dbt_learn_repository.my_first_dbt_model"} */;
[0m10:24:26.953570 [debug] [Thread-2 (]: SQL status: SUCCESS 2 in 1.324 seconds
[0m10:24:26.980746 [debug] [Thread-2 (]: Sending event: {'category': 'dbt', 'action': 'run_model', 'label': '7b3d3c2e-f580-40a5-9b51-29a2e01a6a72', 'context': [<snowplow_tracker.self_describing_json.SelfDescribingJson object at 0x106c09430>]}
[0m10:24:26.981364 [info ] [Thread-2 (]: 1 of 1 OK created sql table model public.my_first_dbt_model .................... [[32mSUCCESS 2[0m in 1.38s]
[0m10:24:26.981780 [debug] [Thread-2 (]: Finished running node model.dbt_learn_repository.my_first_dbt_model
[0m10:24:26.982808 [debug] [MainThread]: Connection 'master' was properly closed.
[0m10:24:26.983068 [debug] [MainThread]: Connection 'model.dbt_learn_repository.my_first_dbt_model' was left open.
[0m10:24:26.983285 [debug] [MainThread]: On model.dbt_learn_repository.my_first_dbt_model: Close
[0m10:24:27.080191 [info ] [MainThread]: 
[0m10:24:27.080464 [info ] [MainThread]: Finished running 1 table model in 0 hours 0 minutes and 2.90 seconds (2.90s).
[0m10:24:27.080819 [debug] [MainThread]: Command end result
[0m10:24:27.094741 [debug] [MainThread]: Wrote artifact WritableManifest to /Users/srujan/dbt_learn/dbt_learn_repository/target/manifest.json
[0m10:24:27.095617 [debug] [MainThread]: Wrote artifact SemanticManifest to /Users/srujan/dbt_learn/dbt_learn_repository/target/semantic_manifest.json
[0m10:24:27.097989 [debug] [MainThread]: Wrote artifact RunExecutionResult to /Users/srujan/dbt_learn/dbt_learn_repository/target/run_results.json
[0m10:24:27.098110 [info ] [MainThread]: 
[0m10:24:27.098266 [info ] [MainThread]: [32mCompleted successfully[0m
[0m10:24:27.098377 [info ] [MainThread]: 
[0m10:24:27.098497 [info ] [MainThread]: Done. PASS=1 WARN=0 ERROR=0 SKIP=0 NO-OP=0 TOTAL=1
[0m10:24:27.098703 [warn ] [MainThread]: [[33mWARNING[0m][DeprecationsSummary]: Deprecated functionality
Summary of encountered deprecations:
- ModelParamUsageDeprecation: 1 occurrence
To see all deprecation instances instead of just the first occurrence of each,
run command again with the `--show-all-deprecations` flag. You may also need to
run with `--no-partial-parse` as some deprecations are only encountered during
parsing.
[0m10:24:27.101022 [debug] [MainThread]: Resource report: {"command_name": "run", "command_success": true, "command_wall_clock_time": 3.821967, "process_in_blocks": "0", "process_kernel_time": 0.209403, "process_mem_max_rss": "170639360", "process_out_blocks": "0", "process_user_time": 1.3299}
[0m10:24:27.101193 [debug] [MainThread]: Command `dbt run` succeeded at 10:24:27.101157 after 3.82 seconds
[0m10:24:27.101328 [debug] [MainThread]: Sending event: {'category': 'dbt', 'action': 'invocation', 'label': 'end', 'context': [<snowplow_tracker.self_describing_json.SelfDescribingJson object at 0x106e93b00>, <snowplow_tracker.self_describing_json.SelfDescribingJson object at 0x108e7f080>, <snowplow_tracker.self_describing_json.SelfDescribingJson object at 0x1079c7c80>]}
[0m10:24:27.101456 [debug] [MainThread]: Flushing usage events
[0m10:24:27.185281 [debug] [MainThread]: An error was encountered while trying to flush usage events
[0m09:35:13.296486 [debug] [MainThread]: Sending event: {'category': 'dbt', 'action': 'invocation', 'label': 'start', 'context': [<snowplow_tracker.self_describing_json.SelfDescribingJson object at 0x105bcf3b0>, <snowplow_tracker.self_describing_json.SelfDescribingJson object at 0x105bf9010>, <snowplow_tracker.self_describing_json.SelfDescribingJson object at 0x105d98650>]}


============================== 09:35:13.299033 | f91389b2-fc95-417f-be78-6dcf7d7798ab ==============================
[0m09:35:13.299033 [info ] [MainThread]: Running with dbt=1.11.9
[0m09:35:13.299269 [debug] [MainThread]: running dbt with arguments {'debug': 'False', 'introspect': 'True', 'profiles_dir': '/Users/srujan/.dbt', 'quiet': 'False', 'log_format': 'default', 'printer_width': '80', 'log_path': '/Users/srujan/dbt_learn/dbt_learn_repository/logs', 'warn_error_options': 'WarnErrorOptionsV2(error=[], warn=[], silence=[])', 'partial_parse': 'True', 'cache_selected_only': 'False', 'warn_error': 'None', 'write_json': 'True', 'send_anonymous_usage_stats': 'True', 'use_colors': 'True', 'target_path': 'None', 'indirect_selection': 'eager', 'log_cache_events': 'False', 'invocation_command': 'dbt debug', 'version_check': 'True', 'no_print': 'None', 'use_experimental_parser': 'False', 'empty': 'None', 'static_parser': 'True', 'fail_fast': 'False'}
[0m09:35:13.307442 [info ] [MainThread]: dbt version: 1.11.9
[0m09:35:13.307573 [info ] [MainThread]: python version: 3.12.6
[0m09:35:13.307677 [info ] [MainThread]: python path: /Users/srujan/dbt_learn/dbtenv/bin/python3.12
[0m09:35:13.307762 [info ] [MainThread]: os info: macOS-26.3.1-arm64-arm-64bit
[0m09:35:13.520334 [debug] [MainThread]: Snowflake adapter: Setting snowflake.connector to ERROR (file logging only)
[0m09:35:13.520565 [debug] [MainThread]: Snowflake adapter: Setting botocore to ERROR (file logging only)
[0m09:35:13.520667 [debug] [MainThread]: Snowflake adapter: Setting boto3 to ERROR (file logging only)
[0m09:35:13.564226 [info ] [MainThread]: Using profiles dir at /Users/srujan/.dbt
[0m09:35:13.564425 [info ] [MainThread]: Using profiles.yml file at /Users/srujan/.dbt/profiles.yml
[0m09:35:13.564541 [info ] [MainThread]: Using dbt_project.yml file at /Users/srujan/dbt_learn/dbt_learn_repository/dbt_project.yml
[0m09:35:13.564889 [info ] [MainThread]: adapter type: snowflake
[0m09:35:13.564988 [info ] [MainThread]: adapter version: 1.11.4
[0m09:35:13.598275 [info ] [MainThread]: Configuration:
[0m09:35:13.598477 [info ] [MainThread]:   profiles.yml file [[32mOK found and valid[0m]
[0m09:35:13.598593 [info ] [MainThread]:   dbt_project.yml file [[32mOK found and valid[0m]
[0m09:35:13.598683 [info ] [MainThread]: Required dependencies:
[0m09:35:13.598841 [debug] [MainThread]: Executing "git --help"
[0m09:35:13.619602 [debug] [MainThread]: STDOUT: "b"usage: git [-v | --version] [-h | --help] [-C <path>] [-c <name>=<value>]\n           [--exec-path[=<path>]] [--html-path] [--man-path] [--info-path]\n           [-p | --paginate | -P | --no-pager] [--no-replace-objects] [--no-lazy-fetch]\n           [--no-optional-locks] [--no-advice] [--bare] [--git-dir=<path>]\n           [--work-tree=<path>] [--namespace=<name>] [--config-env=<name>=<envvar>]\n           <command> [<args>]\n\nThese are common Git commands used in various situations:\n\nstart a working area (see also: git help tutorial)\n   clone      Clone a repository into a new directory\n   init       Create an empty Git repository or reinitialize an existing one\n\nwork on the current change (see also: git help everyday)\n   add        Add file contents to the index\n   mv         Move or rename a file, a directory, or a symlink\n   restore    Restore working tree files\n   rm         Remove files from the working tree and from the index\n\nexamine the history and state (see also: git help revisions)\n   bisect     Use binary search to find the commit that introduced a bug\n   diff       Show changes between commits, commit and working tree, etc\n   grep       Print lines matching a pattern\n   log        Show commit logs\n   show       Show various types of objects\n   status     Show the working tree status\n\ngrow, mark and tweak your common history\n   backfill   Download missing objects in a partial clone\n   branch     List, create, or delete branches\n   commit     Record changes to the repository\n   merge      Join two or more development histories together\n   rebase     Reapply commits on top of another base tip\n   reset      Reset current HEAD to the specified state\n   switch     Switch branches\n   tag        Create, list, delete or verify a tag object signed with GPG\n\ncollaborate (see also: git help workflows)\n   fetch      Download objects and refs from another repository\n   pull       Fetch from and integrate with another repository or a local branch\n   push       Update remote refs along with associated objects\n\n'git help -a' and 'git help -g' list available subcommands and some\nconcept guides. See 'git help <command>' or 'git help <concept>'\nto read about a specific subcommand or concept.\nSee 'git help git' for an overview of the system.\n""
[0m09:35:13.620018 [debug] [MainThread]: STDERR: "b''"
[0m09:35:13.620137 [info ] [MainThread]:  - git [[32mOK found[0m]

[0m09:35:13.620250 [info ] [MainThread]: Connection:
[0m09:35:13.620367 [info ] [MainThread]:   account: FQBQGUB-OPC39548
[0m09:35:13.620454 [info ] [MainThread]:   user: gundasn
[0m09:35:13.620535 [info ] [MainThread]:   database: DBT_DEMO
[0m09:35:13.620627 [info ] [MainThread]:   warehouse: COMPUTE_WH
[0m09:35:13.620706 [info ] [MainThread]:   role: ACCOUNTADMIN
[0m09:35:13.620782 [info ] [MainThread]:   schema: public
[0m09:35:13.620864 [info ] [MainThread]:   authenticator: None
[0m09:35:13.620938 [info ] [MainThread]:   oauth_client_id: None
[0m09:35:13.621015 [info ] [MainThread]:   query_tag: None
[0m09:35:13.621203 [info ] [MainThread]:   client_session_keep_alive: False
[0m09:35:13.621327 [info ] [MainThread]:   host: None
[0m09:35:13.621433 [info ] [MainThread]:   port: None
[0m09:35:13.621593 [info ] [MainThread]:   proxy_host: None
[0m09:35:13.621771 [info ] [MainThread]:   proxy_port: None
[0m09:35:13.621881 [info ] [MainThread]:   protocol: None
[0m09:35:13.621975 [info ] [MainThread]:   connect_retries: 1
[0m09:35:13.622058 [info ] [MainThread]:   connect_timeout: None
[0m09:35:13.622145 [info ] [MainThread]:   retry_on_database_errors: False
[0m09:35:13.622227 [info ] [MainThread]:   retry_all: False
[0m09:35:13.622307 [info ] [MainThread]:   insecure_mode: False
[0m09:35:13.622387 [info ] [MainThread]:   reuse_connections: True
[0m09:35:13.622466 [info ] [MainThread]:   s3_stage_vpce_dns_name: None
[0m09:35:13.622546 [info ] [MainThread]:   platform_detection_timeout_seconds: 0.0
[0m09:35:13.622827 [info ] [MainThread]: Registered adapter: snowflake=1.11.4
[0m09:35:13.668155 [debug] [MainThread]: Acquiring new snowflake connection 'debug'
[0m09:35:13.699631 [debug] [MainThread]: Using snowflake connection "debug"
[0m09:35:13.699788 [debug] [MainThread]: On debug: select 1 as id
[0m09:35:13.699882 [debug] [MainThread]: Opening a new connection, currently in state init
[0m09:35:15.262959 [debug] [MainThread]: SQL status: SUCCESS 1 in 1.563 seconds
[0m09:35:15.265500 [info ] [MainThread]:   Connection test: [[32mOK connection ok[0m]

[0m09:35:15.266168 [info ] [MainThread]: [32mAll checks passed![0m
[0m09:35:15.270620 [debug] [MainThread]: Resource report: {"command_name": "debug", "command_success": true, "command_wall_clock_time": 2.0094252, "process_in_blocks": "0", "process_kernel_time": 0.207152, "process_mem_max_rss": "157466624", "process_out_blocks": "0", "process_user_time": 0.819813}
[0m09:35:15.271144 [debug] [MainThread]: Command `dbt debug` succeeded at 09:35:15.271041 after 2.01 seconds
[0m09:35:15.271465 [debug] [MainThread]: Connection 'debug' was left open.
[0m09:35:15.271691 [debug] [MainThread]: On debug: Close
[0m09:35:15.361745 [debug] [MainThread]: Sending event: {'category': 'dbt', 'action': 'invocation', 'label': 'end', 'context': [<snowplow_tracker.self_describing_json.SelfDescribingJson object at 0x107aa1d30>, <snowplow_tracker.self_describing_json.SelfDescribingJson object at 0x107a73fe0>, <snowplow_tracker.self_describing_json.SelfDescribingJson object at 0x105c5c770>]}
[0m09:35:15.362649 [debug] [MainThread]: Flushing usage events
[0m09:35:15.593105 [debug] [MainThread]: An error was encountered while trying to flush usage events
[0m09:35:54.068397 [debug] [MainThread]: Sending event: {'category': 'dbt', 'action': 'invocation', 'label': 'start', 'context': [<snowplow_tracker.self_describing_json.SelfDescribingJson object at 0x1188dd430>, <snowplow_tracker.self_describing_json.SelfDescribingJson object at 0x11a100710>, <snowplow_tracker.self_describing_json.SelfDescribingJson object at 0x11a100470>]}


============================== 09:35:54.070885 | 920ee507-59a4-4b74-a268-e0abdc9063e0 ==============================
[0m09:35:54.070885 [info ] [MainThread]: Running with dbt=1.11.9
[0m09:35:54.071260 [debug] [MainThread]: running dbt with arguments {'use_colors': 'True', 'version_check': 'True', 'partial_parse': 'True', 'warn_error_options': 'WarnErrorOptionsV2(error=[], warn=[], silence=[])', 'invocation_command': 'dbt run --target dev', 'log_cache_events': 'False', 'quiet': 'False', 'debug': 'False', 'log_path': '/Users/srujan/dbt_learn/dbt_learn_repository/logs', 'profiles_dir': '/Users/srujan/.dbt', 'write_json': 'True', 'printer_width': '80', 'static_parser': 'True', 'indirect_selection': 'eager', 'target_path': 'None', 'send_anonymous_usage_stats': 'True', 'fail_fast': 'False', 'no_print': 'None', 'empty': 'False', 'warn_error': 'None', 'log_format': 'default', 'use_experimental_parser': 'False', 'introspect': 'True', 'cache_selected_only': 'False'}
[0m09:35:54.257731 [debug] [MainThread]: Snowflake adapter: Setting snowflake.connector to ERROR (file logging only)
[0m09:35:54.257966 [debug] [MainThread]: Snowflake adapter: Setting botocore to ERROR (file logging only)
[0m09:35:54.258073 [debug] [MainThread]: Snowflake adapter: Setting boto3 to ERROR (file logging only)
[0m09:35:54.343239 [debug] [MainThread]: Sending event: {'category': 'dbt', 'action': 'project_id', 'label': '920ee507-59a4-4b74-a268-e0abdc9063e0', 'context': [<snowplow_tracker.self_describing_json.SelfDescribingJson object at 0x11b451b20>]}
[0m09:35:54.362443 [debug] [MainThread]: Sending event: {'category': 'dbt', 'action': 'adapter_info', 'label': '920ee507-59a4-4b74-a268-e0abdc9063e0', 'context': [<snowplow_tracker.self_describing_json.SelfDescribingJson object at 0x11b289c70>]}
[0m09:35:54.362906 [info ] [MainThread]: Registered adapter: snowflake=1.11.4
[0m09:35:54.411193 [debug] [MainThread]: checksum: a2a6c3ad70d97238cd4662b1abb61bcb7b07a15f9f2431ec5bf3dbb2eaaa5bac, vars: {}, profile: , target: dev, version: 1.11.9
[0m09:35:54.444440 [info ] [MainThread]: Unable to do partial parsing because config vars, config profile, or config target have changed
[0m09:35:54.444620 [debug] [MainThread]: previous checksum: a2a6c3ad70d97238cd4662b1abb61bcb7b07a15f9f2431ec5bf3dbb2eaaa5bac, current checksum: f8bb6a62265c70f2530bed05e52c2cee1c1844b101d398a67d5798350ab914c5
[0m09:35:54.444744 [debug] [MainThread]: Sending event: {'category': 'dbt', 'action': 'partial_parser', 'label': '920ee507-59a4-4b74-a268-e0abdc9063e0', 'context': [<snowplow_tracker.self_describing_json.SelfDescribingJson object at 0x1196fdfd0>]}
[0m09:35:54.907047 [debug] [MainThread]: Sending event: {'category': 'dbt', 'action': 'load_project', 'label': '920ee507-59a4-4b74-a268-e0abdc9063e0', 'context': [<snowplow_tracker.self_describing_json.SelfDescribingJson object at 0x11d087c80>]}
[0m09:35:54.934998 [debug] [MainThread]: Wrote artifact WritableManifest to /Users/srujan/dbt_learn/dbt_learn_repository/target/manifest.json
[0m09:35:54.936188 [debug] [MainThread]: Wrote artifact SemanticManifest to /Users/srujan/dbt_learn/dbt_learn_repository/target/semantic_manifest.json
[0m09:35:54.941523 [debug] [MainThread]: Sending event: {'category': 'dbt', 'action': 'resource_counts', 'label': '920ee507-59a4-4b74-a268-e0abdc9063e0', 'context': [<snowplow_tracker.self_describing_json.SelfDescribingJson object at 0x11c5a5ac0>]}
[0m09:35:54.941691 [info ] [MainThread]: Found 9 models, 4 data tests, 525 macros
[0m09:35:54.941818 [debug] [MainThread]: Sending event: {'category': 'dbt', 'action': 'runnable_timing', 'label': '920ee507-59a4-4b74-a268-e0abdc9063e0', 'context': [<snowplow_tracker.self_describing_json.SelfDescribingJson object at 0x11c535b80>]}
[0m09:35:54.942492 [info ] [MainThread]: 
[0m09:35:54.942610 [info ] [MainThread]: Concurrency: 1 threads (target='dev')
[0m09:35:54.942701 [info ] [MainThread]: 
[0m09:35:54.942862 [debug] [MainThread]: Acquiring new snowflake connection 'master'
[0m09:35:54.944374 [debug] [ThreadPool]: Acquiring new snowflake connection 'list_DBT_DEMO'
[0m09:35:54.969536 [debug] [ThreadPool]: Using snowflake connection "list_DBT_DEMO"
[0m09:35:54.969702 [debug] [ThreadPool]: On list_DBT_DEMO: show terse schemas in database DBT_DEMO
    limit 10000
/* {"app": "dbt", "dbt_version": "1.11.9", "profile_name": "dbt_learn_repository", "target_name": "dev", "connection_name": "list_DBT_DEMO"} */
[0m09:35:54.969799 [debug] [ThreadPool]: Opening a new connection, currently in state init
[0m09:35:56.088619 [debug] [ThreadPool]: SQL status: SUCCESS 3 in 1.119 seconds
[0m09:35:56.090113 [debug] [ThreadPool]: Re-using an available connection from the pool (formerly list_DBT_DEMO, now list_DBT_DEMO_public)
[0m09:35:56.096017 [debug] [ThreadPool]: Using snowflake connection "list_DBT_DEMO_public"
[0m09:35:56.096184 [debug] [ThreadPool]: On list_DBT_DEMO_public: show objects in DBT_DEMO.public
    limit 10000
    

/* {"app": "dbt", "dbt_version": "1.11.9", "profile_name": "dbt_learn_repository", "target_name": "dev", "connection_name": "list_DBT_DEMO_public"} */;
[0m09:35:56.187336 [debug] [ThreadPool]: SQL status: SUCCESS 1 in 0.091 seconds
[0m09:35:56.189135 [debug] [MainThread]: Sending event: {'category': 'dbt', 'action': 'runnable_timing', 'label': '920ee507-59a4-4b74-a268-e0abdc9063e0', 'context': [<snowplow_tracker.self_describing_json.SelfDescribingJson object at 0x106ce9cd0>]}
[0m09:35:56.191565 [debug] [Thread-2 (]: Began running node model.dbt_learn_repository.my_first_dbt_model
[0m09:35:56.191934 [info ] [Thread-2 (]: 1 of 4 START sql table model public.my_first_dbt_model ......................... [RUN]
[0m09:35:56.192230 [debug] [Thread-2 (]: Re-using an available connection from the pool (formerly list_DBT_DEMO_public, now model.dbt_learn_repository.my_first_dbt_model)
[0m09:35:56.192453 [debug] [Thread-2 (]: Began compiling node model.dbt_learn_repository.my_first_dbt_model
[0m09:35:56.197513 [debug] [Thread-2 (]: Writing injected SQL for node "model.dbt_learn_repository.my_first_dbt_model"
[0m09:35:56.197977 [debug] [Thread-2 (]: Began executing node model.dbt_learn_repository.my_first_dbt_model
[0m09:35:56.216393 [debug] [Thread-2 (]: Writing runtime sql for node "model.dbt_learn_repository.my_first_dbt_model"
[0m09:35:56.217019 [debug] [Thread-2 (]: Using snowflake connection "model.dbt_learn_repository.my_first_dbt_model"
[0m09:35:56.217189 [debug] [Thread-2 (]: On model.dbt_learn_repository.my_first_dbt_model: create or replace transient table DBT_DEMO.public.my_first_dbt_model
    
    
    
    as (/*
    Welcome to your first dbt model!
    Did you know that you can also configure models directly within SQL files?
    This will override configurations stated in dbt_project.yml

    Try changing "table" to "view" below
*/



with source_data as (

    select 1 as id
    union all
    select null as id

)

select *
from source_data

/*
    Uncomment the line below to remove records with null `id` values
*/

-- where id is not null
    )

/* {"app": "dbt", "dbt_version": "1.11.9", "profile_name": "dbt_learn_repository", "target_name": "dev", "node_id": "model.dbt_learn_repository.my_first_dbt_model"} */;
[0m09:35:57.564019 [debug] [Thread-2 (]: SQL status: SUCCESS 2 in 1.346 seconds
[0m09:35:57.588891 [debug] [Thread-2 (]: Sending event: {'category': 'dbt', 'action': 'run_model', 'label': '920ee507-59a4-4b74-a268-e0abdc9063e0', 'context': [<snowplow_tracker.self_describing_json.SelfDescribingJson object at 0x118d113d0>]}
[0m09:35:57.589472 [info ] [Thread-2 (]: 1 of 4 OK created sql table model public.my_first_dbt_model .................... [[32mSUCCESS 2[0m in 1.39s]
[0m09:35:57.589844 [debug] [Thread-2 (]: Finished running node model.dbt_learn_repository.my_first_dbt_model
[0m09:35:57.590092 [debug] [Thread-2 (]: Began running node model.dbt_learn_repository.my_test_model
[0m09:35:57.590353 [info ] [Thread-2 (]: 2 of 4 START sql view model public.my_test_model ............................... [RUN]
[0m09:35:57.590743 [debug] [Thread-2 (]: Re-using an available connection from the pool (formerly model.dbt_learn_repository.my_first_dbt_model, now model.dbt_learn_repository.my_test_model)
[0m09:35:57.591082 [debug] [Thread-2 (]: Began compiling node model.dbt_learn_repository.my_test_model
[0m09:35:57.592564 [debug] [Thread-2 (]: Writing injected SQL for node "model.dbt_learn_repository.my_test_model"
[0m09:35:57.593116 [debug] [Thread-2 (]: Began executing node model.dbt_learn_repository.my_test_model
[0m09:35:57.604427 [debug] [Thread-2 (]: Writing runtime sql for node "model.dbt_learn_repository.my_test_model"
[0m09:35:57.604870 [debug] [Thread-2 (]: Using snowflake connection "model.dbt_learn_repository.my_test_model"
[0m09:35:57.605023 [debug] [Thread-2 (]: On model.dbt_learn_repository.my_test_model: create or replace   view DBT_DEMO.public.my_test_model
  
  
  
  
  as (
    select "hello from VS code" as message
/* {"app": "dbt", "dbt_version": "1.11.9", "profile_name": "dbt_learn_repository", "target_name": "dev", "node_id": "model.dbt_learn_repository.my_test_model"} */;
[0m09:35:57.721162 [debug] [Thread-2 (]: Snowflake adapter: Snowflake query id: 01c44c2f-0001-9feb-001c-065f00025092
[0m09:35:57.721499 [debug] [Thread-2 (]: Snowflake adapter: Snowflake error: 001003 (42000): SQL compilation error:
syntax error line 8 at position 162 unexpected ';'.
[0m09:35:57.725448 [debug] [Thread-2 (]: Database Error in model my_test_model (models/example/my_test_model.sql)
  001003 (42000): SQL compilation error:
  syntax error line 8 at position 162 unexpected ';'.
  compiled code at target/run/dbt_learn_repository/models/example/my_test_model.sql
[0m09:35:57.725847 [debug] [Thread-2 (]: Sending event: {'category': 'dbt', 'action': 'run_model', 'label': '920ee507-59a4-4b74-a268-e0abdc9063e0', 'context': [<snowplow_tracker.self_describing_json.SelfDescribingJson object at 0x11c7a3980>]}
[0m09:35:57.726343 [error] [Thread-2 (]: 2 of 4 ERROR creating sql view model public.my_test_model ...................... [[31mERROR[0m in 0.14s]
[0m09:35:57.726755 [debug] [Thread-2 (]: Finished running node model.dbt_learn_repository.my_test_model
[0m09:35:57.727026 [debug] [Thread-2 (]: Began running node model.dbt_learn_repository.remote_model
[0m09:35:57.727376 [debug] [Thread-5 (]: Marking all children of 'model.dbt_learn_repository.my_test_model' to be skipped because of status 'error'.  Reason: Database Error in model my_test_model (models/example/my_test_model.sql)
  001003 (42000): SQL compilation error:
  syntax error line 8 at position 162 unexpected ';'.
  compiled code at target/run/dbt_learn_repository/models/example/my_test_model.sql.
[0m09:35:57.727744 [info ] [Thread-2 (]: 3 of 4 START sql view model public.remote_model ................................ [RUN]
[0m09:35:57.728631 [debug] [Thread-2 (]: Re-using an available connection from the pool (formerly model.dbt_learn_repository.my_test_model, now model.dbt_learn_repository.remote_model)
[0m09:35:57.728899 [debug] [Thread-2 (]: Began compiling node model.dbt_learn_repository.remote_model
[0m09:35:57.730604 [debug] [Thread-2 (]: Writing injected SQL for node "model.dbt_learn_repository.remote_model"
[0m09:35:57.731052 [debug] [Thread-2 (]: Began executing node model.dbt_learn_repository.remote_model
[0m09:35:57.732850 [debug] [Thread-2 (]: Writing runtime sql for node "model.dbt_learn_repository.remote_model"
[0m09:35:57.733582 [debug] [Thread-2 (]: Using snowflake connection "model.dbt_learn_repository.remote_model"
[0m09:35:57.733884 [debug] [Thread-2 (]: On model.dbt_learn_repository.remote_model: create or replace   view DBT_DEMO.public.remote_model
  
  
  
  
  as (
    select "hello from github" as message
/* {"app": "dbt", "dbt_version": "1.11.9", "profile_name": "dbt_learn_repository", "target_name": "dev", "node_id": "model.dbt_learn_repository.remote_model"} */;
[0m09:35:57.816676 [debug] [Thread-2 (]: Snowflake adapter: Snowflake query id: 01c44c2f-0001-9eb0-001c-065f0001f11e
[0m09:35:57.817358 [debug] [Thread-2 (]: Snowflake adapter: Snowflake error: 001003 (42000): SQL compilation error:
syntax error line 8 at position 161 unexpected ';'.
[0m09:35:57.821153 [debug] [Thread-2 (]: Database Error in model remote_model (models/example/remote_model.sql)
  001003 (42000): SQL compilation error:
  syntax error line 8 at position 161 unexpected ';'.
  compiled code at target/run/dbt_learn_repository/models/example/remote_model.sql
[0m09:35:57.821761 [debug] [Thread-2 (]: Sending event: {'category': 'dbt', 'action': 'run_model', 'label': '920ee507-59a4-4b74-a268-e0abdc9063e0', 'context': [<snowplow_tracker.self_describing_json.SelfDescribingJson object at 0x11d7efc50>]}
[0m09:35:57.822481 [error] [Thread-2 (]: 3 of 4 ERROR creating sql view model public.remote_model ....................... [[31mERROR[0m in 0.09s]
[0m09:35:57.822949 [debug] [Thread-2 (]: Finished running node model.dbt_learn_repository.remote_model
[0m09:35:57.823328 [debug] [Thread-2 (]: Began running node model.dbt_learn_repository.my_second_dbt_model
[0m09:35:57.823748 [debug] [Thread-5 (]: Marking all children of 'model.dbt_learn_repository.remote_model' to be skipped because of status 'error'.  Reason: Database Error in model remote_model (models/example/remote_model.sql)
  001003 (42000): SQL compilation error:
  syntax error line 8 at position 161 unexpected ';'.
  compiled code at target/run/dbt_learn_repository/models/example/remote_model.sql.
[0m09:35:57.824195 [info ] [Thread-2 (]: 4 of 4 START sql view model public.my_second_dbt_model ......................... [RUN]
[0m09:35:57.824748 [debug] [Thread-2 (]: Re-using an available connection from the pool (formerly model.dbt_learn_repository.remote_model, now model.dbt_learn_repository.my_second_dbt_model)
[0m09:35:57.825015 [debug] [Thread-2 (]: Began compiling node model.dbt_learn_repository.my_second_dbt_model
[0m09:35:57.828607 [debug] [Thread-2 (]: Writing injected SQL for node "model.dbt_learn_repository.my_second_dbt_model"
[0m09:35:57.829411 [debug] [Thread-2 (]: Began executing node model.dbt_learn_repository.my_second_dbt_model
[0m09:35:57.831913 [debug] [Thread-2 (]: Writing runtime sql for node "model.dbt_learn_repository.my_second_dbt_model"
[0m09:35:57.832722 [debug] [Thread-2 (]: Using snowflake connection "model.dbt_learn_repository.my_second_dbt_model"
[0m09:35:57.833016 [debug] [Thread-2 (]: On model.dbt_learn_repository.my_second_dbt_model: create or replace   view DBT_DEMO.public.my_second_dbt_model
  
  
  
  
  as (
    -- Use the `ref` function to select from other models

select *
from DBT_DEMO.public.my_first_dbt_model
where id = 1
  )
/* {"app": "dbt", "dbt_version": "1.11.9", "profile_name": "dbt_learn_repository", "target_name": "dev", "node_id": "model.dbt_learn_repository.my_second_dbt_model"} */;
[0m09:35:58.280340 [debug] [Thread-2 (]: SQL status: SUCCESS 1 in 0.447 seconds
[0m09:35:58.286143 [debug] [Thread-2 (]: Sending event: {'category': 'dbt', 'action': 'run_model', 'label': '920ee507-59a4-4b74-a268-e0abdc9063e0', 'context': [<snowplow_tracker.self_describing_json.SelfDescribingJson object at 0x11e2a7fb0>]}
[0m09:35:58.287470 [info ] [Thread-2 (]: 4 of 4 OK created sql view model public.my_second_dbt_model .................... [[32mSUCCESS 1[0m in 0.46s]
[0m09:35:58.287895 [debug] [Thread-2 (]: Finished running node model.dbt_learn_repository.my_second_dbt_model
[0m09:35:58.288818 [debug] [MainThread]: Connection 'master' was properly closed.
[0m09:35:58.289058 [debug] [MainThread]: Connection 'model.dbt_learn_repository.my_second_dbt_model' was left open.
[0m09:35:58.289246 [debug] [MainThread]: On model.dbt_learn_repository.my_second_dbt_model: Close
[0m09:35:58.347692 [info ] [MainThread]: 
[0m09:35:58.348085 [info ] [MainThread]: Finished running 1 table model, 3 view models in 0 hours 0 minutes and 3.40 seconds (3.40s).
[0m09:35:58.348920 [debug] [MainThread]: Command end result
[0m09:35:58.369667 [debug] [MainThread]: Wrote artifact WritableManifest to /Users/srujan/dbt_learn/dbt_learn_repository/target/manifest.json
[0m09:35:58.370635 [debug] [MainThread]: Wrote artifact SemanticManifest to /Users/srujan/dbt_learn/dbt_learn_repository/target/semantic_manifest.json
[0m09:35:58.374249 [debug] [MainThread]: Wrote artifact RunExecutionResult to /Users/srujan/dbt_learn/dbt_learn_repository/target/run_results.json
[0m09:35:58.374410 [info ] [MainThread]: 
[0m09:35:58.374566 [info ] [MainThread]: [31mCompleted with 2 errors, 0 partial successes, and 0 warnings:[0m
[0m09:35:58.374692 [info ] [MainThread]: 
[0m09:35:58.374849 [error] [MainThread]: [31mFailure in model my_test_model (models/example/my_test_model.sql)[0m
[0m09:35:58.374998 [error] [MainThread]:   Database Error in model my_test_model (models/example/my_test_model.sql)
  001003 (42000): SQL compilation error:
  syntax error line 8 at position 162 unexpected ';'.
  compiled code at target/run/dbt_learn_repository/models/example/my_test_model.sql
[0m09:35:58.375117 [info ] [MainThread]: 
[0m09:35:58.375250 [info ] [MainThread]:   compiled code at target/compiled/dbt_learn_repository/models/example/my_test_model.sql
[0m09:35:58.375358 [info ] [MainThread]: 
[0m09:35:58.375491 [error] [MainThread]: [31mFailure in model remote_model (models/example/remote_model.sql)[0m
[0m09:35:58.375625 [error] [MainThread]:   Database Error in model remote_model (models/example/remote_model.sql)
  001003 (42000): SQL compilation error:
  syntax error line 8 at position 161 unexpected ';'.
  compiled code at target/run/dbt_learn_repository/models/example/remote_model.sql
[0m09:35:58.375733 [info ] [MainThread]: 
[0m09:35:58.375858 [info ] [MainThread]:   compiled code at target/compiled/dbt_learn_repository/models/example/remote_model.sql
[0m09:35:58.375964 [info ] [MainThread]: 
[0m09:35:58.376090 [info ] [MainThread]: Done. PASS=2 WARN=0 ERROR=2 SKIP=0 NO-OP=0 TOTAL=4
[0m09:35:58.378037 [debug] [MainThread]: Resource report: {"command_name": "run", "command_success": false, "command_wall_clock_time": 4.3400517, "process_in_blocks": "0", "process_kernel_time": 0.207208, "process_mem_max_rss": "169902080", "process_out_blocks": "0", "process_user_time": 1.380731}
[0m09:35:58.378229 [debug] [MainThread]: Command `dbt run` failed at 09:35:58.378189 after 4.34 seconds
[0m09:35:58.378387 [debug] [MainThread]: Sending event: {'category': 'dbt', 'action': 'invocation', 'label': 'end', 'context': [<snowplow_tracker.self_describing_json.SelfDescribingJson object at 0x1188dd430>, <snowplow_tracker.self_describing_json.SelfDescribingJson object at 0x11b730680>, <snowplow_tracker.self_describing_json.SelfDescribingJson object at 0x11b7ec5f0>]}
[0m09:35:58.378533 [debug] [MainThread]: Flushing usage events
[0m09:35:58.451961 [debug] [MainThread]: An error was encountered while trying to flush usage events
[0m09:39:30.946256 [debug] [MainThread]: Sending event: {'category': 'dbt', 'action': 'invocation', 'label': 'start', 'context': [<snowplow_tracker.self_describing_json.SelfDescribingJson object at 0x105865040>, <snowplow_tracker.self_describing_json.SelfDescribingJson object at 0x105a087a0>, <snowplow_tracker.self_describing_json.SelfDescribingJson object at 0x105a08500>]}


============================== 09:39:30.948685 | e71fef1f-4a06-45d9-ab6f-c3cb859f4790 ==============================
[0m09:39:30.948685 [info ] [MainThread]: Running with dbt=1.11.9
[0m09:39:30.948917 [debug] [MainThread]: running dbt with arguments {'cache_selected_only': 'False', 'version_check': 'True', 'use_colors': 'True', 'introspect': 'True', 'log_format': 'default', 'warn_error_options': 'WarnErrorOptionsV2(error=[], warn=[], silence=[])', 'static_parser': 'True', 'printer_width': '80', 'warn_error': 'None', 'indirect_selection': 'eager', 'use_experimental_parser': 'False', 'log_cache_events': 'False', 'profiles_dir': '/Users/srujan/.dbt', 'target_path': 'None', 'write_json': 'True', 'fail_fast': 'False', 'debug': 'False', 'log_path': '/Users/srujan/dbt_learn/dbt_learn_repository/logs', 'quiet': 'False', 'invocation_command': 'dbt run --target dev', 'no_print': 'None', 'send_anonymous_usage_stats': 'True', 'empty': 'False', 'partial_parse': 'True'}
[0m09:39:31.134310 [debug] [MainThread]: Snowflake adapter: Setting snowflake.connector to ERROR (file logging only)
[0m09:39:31.134549 [debug] [MainThread]: Snowflake adapter: Setting botocore to ERROR (file logging only)
[0m09:39:31.134657 [debug] [MainThread]: Snowflake adapter: Setting boto3 to ERROR (file logging only)
[0m09:39:31.218781 [debug] [MainThread]: Sending event: {'category': 'dbt', 'action': 'project_id', 'label': 'e71fef1f-4a06-45d9-ab6f-c3cb859f4790', 'context': [<snowplow_tracker.self_describing_json.SelfDescribingJson object at 0x106b14830>]}
[0m09:39:31.238030 [debug] [MainThread]: Sending event: {'category': 'dbt', 'action': 'adapter_info', 'label': 'e71fef1f-4a06-45d9-ab6f-c3cb859f4790', 'context': [<snowplow_tracker.self_describing_json.SelfDescribingJson object at 0x104ee73e0>]}
[0m09:39:31.238519 [info ] [MainThread]: Registered adapter: snowflake=1.11.4
[0m09:39:31.287305 [debug] [MainThread]: checksum: a2a6c3ad70d97238cd4662b1abb61bcb7b07a15f9f2431ec5bf3dbb2eaaa5bac, vars: {}, profile: , target: dev, version: 1.11.9
[0m09:39:31.356482 [debug] [MainThread]: Partial parsing enabled: 0 files deleted, 0 files added, 0 files changed.
[0m09:39:31.356640 [debug] [MainThread]: Nothing changed, skipping partial parsing.
[0m09:39:31.356728 [debug] [MainThread]: Partial parsing enabled, no changes found, skipping parsing
[0m09:39:31.369322 [debug] [MainThread]: Sending event: {'category': 'dbt', 'action': 'load_project', 'label': 'e71fef1f-4a06-45d9-ab6f-c3cb859f4790', 'context': [<snowplow_tracker.self_describing_json.SelfDescribingJson object at 0x106e53f50>]}
[0m09:39:31.397357 [debug] [MainThread]: Wrote artifact WritableManifest to /Users/srujan/dbt_learn/dbt_learn_repository/target/manifest.json
[0m09:39:31.398412 [debug] [MainThread]: Wrote artifact SemanticManifest to /Users/srujan/dbt_learn/dbt_learn_repository/target/semantic_manifest.json
[0m09:39:31.403483 [debug] [MainThread]: Sending event: {'category': 'dbt', 'action': 'resource_counts', 'label': 'e71fef1f-4a06-45d9-ab6f-c3cb859f4790', 'context': [<snowplow_tracker.self_describing_json.SelfDescribingJson object at 0x106e36bd0>]}
[0m09:39:31.403639 [info ] [MainThread]: Found 9 models, 4 data tests, 525 macros
[0m09:39:31.403757 [debug] [MainThread]: Sending event: {'category': 'dbt', 'action': 'runnable_timing', 'label': 'e71fef1f-4a06-45d9-ab6f-c3cb859f4790', 'context': [<snowplow_tracker.self_describing_json.SelfDescribingJson object at 0x106e0f1a0>]}
[0m09:39:31.404478 [info ] [MainThread]: 
[0m09:39:31.404597 [info ] [MainThread]: Concurrency: 1 threads (target='dev')
[0m09:39:31.404688 [info ] [MainThread]: 
[0m09:39:31.404854 [debug] [MainThread]: Acquiring new snowflake connection 'master'
[0m09:39:31.406403 [debug] [ThreadPool]: Acquiring new snowflake connection 'list_DBT_DEMO'
[0m09:39:31.432469 [debug] [ThreadPool]: Using snowflake connection "list_DBT_DEMO"
[0m09:39:31.432636 [debug] [ThreadPool]: On list_DBT_DEMO: show terse schemas in database DBT_DEMO
    limit 10000
/* {"app": "dbt", "dbt_version": "1.11.9", "profile_name": "dbt_learn_repository", "target_name": "dev", "connection_name": "list_DBT_DEMO"} */
[0m09:39:31.432735 [debug] [ThreadPool]: Opening a new connection, currently in state init
[0m09:39:32.789884 [debug] [ThreadPool]: SQL status: SUCCESS 3 in 1.357 seconds
[0m09:39:32.793809 [debug] [ThreadPool]: Re-using an available connection from the pool (formerly list_DBT_DEMO, now list_DBT_DEMO_public)
[0m09:39:32.805846 [debug] [ThreadPool]: Using snowflake connection "list_DBT_DEMO_public"
[0m09:39:32.806188 [debug] [ThreadPool]: On list_DBT_DEMO_public: show objects in DBT_DEMO.public
    limit 10000
    

/* {"app": "dbt", "dbt_version": "1.11.9", "profile_name": "dbt_learn_repository", "target_name": "dev", "connection_name": "list_DBT_DEMO_public"} */;
[0m09:39:32.903687 [debug] [ThreadPool]: SQL status: SUCCESS 2 in 0.097 seconds
[0m09:39:32.907222 [debug] [MainThread]: Sending event: {'category': 'dbt', 'action': 'runnable_timing', 'label': 'e71fef1f-4a06-45d9-ab6f-c3cb859f4790', 'context': [<snowplow_tracker.self_describing_json.SelfDescribingJson object at 0x106c27170>]}
[0m09:39:32.911520 [debug] [Thread-2 (]: Began running node model.dbt_learn_repository.my_first_dbt_model
[0m09:39:32.912106 [info ] [Thread-2 (]: 1 of 4 START sql table model public.my_first_dbt_model ......................... [RUN]
[0m09:39:32.912528 [debug] [Thread-2 (]: Re-using an available connection from the pool (formerly list_DBT_DEMO_public, now model.dbt_learn_repository.my_first_dbt_model)
[0m09:39:32.912824 [debug] [Thread-2 (]: Began compiling node model.dbt_learn_repository.my_first_dbt_model
[0m09:39:32.920320 [debug] [Thread-2 (]: Writing injected SQL for node "model.dbt_learn_repository.my_first_dbt_model"
[0m09:39:32.921247 [debug] [Thread-2 (]: Began executing node model.dbt_learn_repository.my_first_dbt_model
[0m09:39:32.942722 [debug] [Thread-2 (]: Writing runtime sql for node "model.dbt_learn_repository.my_first_dbt_model"
[0m09:39:32.943458 [debug] [Thread-2 (]: Using snowflake connection "model.dbt_learn_repository.my_first_dbt_model"
[0m09:39:32.943655 [debug] [Thread-2 (]: On model.dbt_learn_repository.my_first_dbt_model: create or replace transient table DBT_DEMO.public.my_first_dbt_model
    
    
    
    as (/*
    Welcome to your first dbt model!
    Did you know that you can also configure models directly within SQL files?
    This will override configurations stated in dbt_project.yml

    Try changing "table" to "view" below
*/



with source_data as (

    select 1 as id
    union all
    select null as id

)

select *
from source_data

/*
    Uncomment the line below to remove records with null `id` values
*/

-- where id is not null
    )

/* {"app": "dbt", "dbt_version": "1.11.9", "profile_name": "dbt_learn_repository", "target_name": "dev", "node_id": "model.dbt_learn_repository.my_first_dbt_model"} */;
[0m09:39:33.744458 [debug] [Thread-2 (]: SQL status: SUCCESS 2 in 0.800 seconds
[0m09:39:33.772434 [debug] [Thread-2 (]: Sending event: {'category': 'dbt', 'action': 'run_model', 'label': 'e71fef1f-4a06-45d9-ab6f-c3cb859f4790', 'context': [<snowplow_tracker.self_describing_json.SelfDescribingJson object at 0x105a18650>]}
[0m09:39:33.773041 [info ] [Thread-2 (]: 1 of 4 OK created sql table model public.my_first_dbt_model .................... [[32mSUCCESS 2[0m in 0.86s]
[0m09:39:33.773445 [debug] [Thread-2 (]: Finished running node model.dbt_learn_repository.my_first_dbt_model
[0m09:39:33.773716 [debug] [Thread-2 (]: Began running node model.dbt_learn_repository.my_test_model
[0m09:39:33.774143 [info ] [Thread-2 (]: 2 of 4 START sql view model public.my_test_model ............................... [RUN]
[0m09:39:33.774636 [debug] [Thread-2 (]: Re-using an available connection from the pool (formerly model.dbt_learn_repository.my_first_dbt_model, now model.dbt_learn_repository.my_test_model)
[0m09:39:33.774920 [debug] [Thread-2 (]: Began compiling node model.dbt_learn_repository.my_test_model
[0m09:39:33.776572 [debug] [Thread-2 (]: Writing injected SQL for node "model.dbt_learn_repository.my_test_model"
[0m09:39:33.777398 [debug] [Thread-2 (]: Began executing node model.dbt_learn_repository.my_test_model
[0m09:39:33.791077 [debug] [Thread-2 (]: Writing runtime sql for node "model.dbt_learn_repository.my_test_model"
[0m09:39:33.791674 [debug] [Thread-2 (]: Using snowflake connection "model.dbt_learn_repository.my_test_model"
[0m09:39:33.791862 [debug] [Thread-2 (]: On model.dbt_learn_repository.my_test_model: create or replace   view DBT_DEMO.public.my_test_model
  
  
  
  
  as (
    select "hello from VS code" as message
/* {"app": "dbt", "dbt_version": "1.11.9", "profile_name": "dbt_learn_repository", "target_name": "dev", "node_id": "model.dbt_learn_repository.my_test_model"} */;
[0m09:39:33.864757 [debug] [Thread-2 (]: Snowflake adapter: Snowflake query id: 01c44c33-0001-9eb0-001c-065f0001f18e
[0m09:39:33.865008 [debug] [Thread-2 (]: Snowflake adapter: Snowflake error: 001003 (42000): SQL compilation error:
syntax error line 8 at position 162 unexpected ';'.
[0m09:39:33.868050 [debug] [Thread-2 (]: Database Error in model my_test_model (models/example/my_test_model.sql)
  001003 (42000): SQL compilation error:
  syntax error line 8 at position 162 unexpected ';'.
  compiled code at target/run/dbt_learn_repository/models/example/my_test_model.sql
[0m09:39:33.868386 [debug] [Thread-2 (]: Sending event: {'category': 'dbt', 'action': 'run_model', 'label': 'e71fef1f-4a06-45d9-ab6f-c3cb859f4790', 'context': [<snowplow_tracker.self_describing_json.SelfDescribingJson object at 0x10d14bb90>]}
[0m09:39:33.868798 [error] [Thread-2 (]: 2 of 4 ERROR creating sql view model public.my_test_model ...................... [[31mERROR[0m in 0.09s]
[0m09:39:33.869202 [debug] [Thread-2 (]: Finished running node model.dbt_learn_repository.my_test_model
[0m09:39:33.869446 [debug] [Thread-2 (]: Began running node model.dbt_learn_repository.remote_model
[0m09:39:33.869721 [debug] [Thread-5 (]: Marking all children of 'model.dbt_learn_repository.my_test_model' to be skipped because of status 'error'.  Reason: Database Error in model my_test_model (models/example/my_test_model.sql)
  001003 (42000): SQL compilation error:
  syntax error line 8 at position 162 unexpected ';'.
  compiled code at target/run/dbt_learn_repository/models/example/my_test_model.sql.
[0m09:39:33.870016 [info ] [Thread-2 (]: 3 of 4 START sql view model public.remote_model ................................ [RUN]
[0m09:39:33.870709 [debug] [Thread-2 (]: Re-using an available connection from the pool (formerly model.dbt_learn_repository.my_test_model, now model.dbt_learn_repository.remote_model)
[0m09:39:33.870896 [debug] [Thread-2 (]: Began compiling node model.dbt_learn_repository.remote_model
[0m09:39:33.872215 [debug] [Thread-2 (]: Writing injected SQL for node "model.dbt_learn_repository.remote_model"
[0m09:39:33.872564 [debug] [Thread-2 (]: Began executing node model.dbt_learn_repository.remote_model
[0m09:39:33.874210 [debug] [Thread-2 (]: Writing runtime sql for node "model.dbt_learn_repository.remote_model"
[0m09:39:33.874656 [debug] [Thread-2 (]: Using snowflake connection "model.dbt_learn_repository.remote_model"
[0m09:39:33.874847 [debug] [Thread-2 (]: On model.dbt_learn_repository.remote_model: create or replace   view DBT_DEMO.public.remote_model
  
  
  
  
  as (
    select "hello from github" as message
/* {"app": "dbt", "dbt_version": "1.11.9", "profile_name": "dbt_learn_repository", "target_name": "dev", "node_id": "model.dbt_learn_repository.remote_model"} */;
[0m09:39:33.960183 [debug] [Thread-2 (]: Snowflake adapter: Snowflake query id: 01c44c33-0001-9feb-001c-065f00025126
[0m09:39:33.960850 [debug] [Thread-2 (]: Snowflake adapter: Snowflake error: 001003 (42000): SQL compilation error:
syntax error line 8 at position 161 unexpected ';'.
[0m09:39:33.964313 [debug] [Thread-2 (]: Database Error in model remote_model (models/example/remote_model.sql)
  001003 (42000): SQL compilation error:
  syntax error line 8 at position 161 unexpected ';'.
  compiled code at target/run/dbt_learn_repository/models/example/remote_model.sql
[0m09:39:33.964856 [debug] [Thread-2 (]: Sending event: {'category': 'dbt', 'action': 'run_model', 'label': 'e71fef1f-4a06-45d9-ab6f-c3cb859f4790', 'context': [<snowplow_tracker.self_describing_json.SelfDescribingJson object at 0x106fa8620>]}
[0m09:39:33.965678 [error] [Thread-2 (]: 3 of 4 ERROR creating sql view model public.remote_model ....................... [[31mERROR[0m in 0.09s]
[0m09:39:33.966315 [debug] [Thread-2 (]: Finished running node model.dbt_learn_repository.remote_model
[0m09:39:33.966683 [debug] [Thread-2 (]: Began running node model.dbt_learn_repository.my_second_dbt_model
[0m09:39:33.967096 [debug] [Thread-5 (]: Marking all children of 'model.dbt_learn_repository.remote_model' to be skipped because of status 'error'.  Reason: Database Error in model remote_model (models/example/remote_model.sql)
  001003 (42000): SQL compilation error:
  syntax error line 8 at position 161 unexpected ';'.
  compiled code at target/run/dbt_learn_repository/models/example/remote_model.sql.
[0m09:39:33.967478 [info ] [Thread-2 (]: 4 of 4 START sql view model public.my_second_dbt_model ......................... [RUN]
[0m09:39:33.967888 [debug] [Thread-2 (]: Re-using an available connection from the pool (formerly model.dbt_learn_repository.remote_model, now model.dbt_learn_repository.my_second_dbt_model)
[0m09:39:33.968165 [debug] [Thread-2 (]: Began compiling node model.dbt_learn_repository.my_second_dbt_model
[0m09:39:33.970624 [debug] [Thread-2 (]: Writing injected SQL for node "model.dbt_learn_repository.my_second_dbt_model"
[0m09:39:33.971240 [debug] [Thread-2 (]: Began executing node model.dbt_learn_repository.my_second_dbt_model
[0m09:39:33.973596 [debug] [Thread-2 (]: Writing runtime sql for node "model.dbt_learn_repository.my_second_dbt_model"
[0m09:39:33.974265 [debug] [Thread-2 (]: Using snowflake connection "model.dbt_learn_repository.my_second_dbt_model"
[0m09:39:33.974501 [debug] [Thread-2 (]: On model.dbt_learn_repository.my_second_dbt_model: create or replace   view DBT_DEMO.public.my_second_dbt_model
  
  
  
  
  as (
    -- Use the `ref` function to select from other models

select *
from DBT_DEMO.public.my_first_dbt_model
where id = 1
  )
/* {"app": "dbt", "dbt_version": "1.11.9", "profile_name": "dbt_learn_repository", "target_name": "dev", "node_id": "model.dbt_learn_repository.my_second_dbt_model"} */;
[0m09:39:34.347756 [debug] [Thread-2 (]: SQL status: SUCCESS 1 in 0.373 seconds
[0m09:39:34.351215 [debug] [Thread-2 (]: Sending event: {'category': 'dbt', 'action': 'run_model', 'label': 'e71fef1f-4a06-45d9-ab6f-c3cb859f4790', 'context': [<snowplow_tracker.self_describing_json.SelfDescribingJson object at 0x10d0b7d40>]}
[0m09:39:34.351995 [info ] [Thread-2 (]: 4 of 4 OK created sql view model public.my_second_dbt_model .................... [[32mSUCCESS 1[0m in 0.38s]
[0m09:39:34.352507 [debug] [Thread-2 (]: Finished running node model.dbt_learn_repository.my_second_dbt_model
[0m09:39:34.353812 [debug] [MainThread]: Connection 'master' was properly closed.
[0m09:39:34.354058 [debug] [MainThread]: Connection 'model.dbt_learn_repository.my_second_dbt_model' was left open.
[0m09:39:34.354302 [debug] [MainThread]: On model.dbt_learn_repository.my_second_dbt_model: Close
[0m09:39:34.424374 [info ] [MainThread]: 
[0m09:39:34.425040 [info ] [MainThread]: Finished running 1 table model, 3 view models in 0 hours 0 minutes and 3.02 seconds (3.02s).
[0m09:39:34.426233 [debug] [MainThread]: Command end result
[0m09:39:34.453121 [debug] [MainThread]: Wrote artifact WritableManifest to /Users/srujan/dbt_learn/dbt_learn_repository/target/manifest.json
[0m09:39:34.454180 [debug] [MainThread]: Wrote artifact SemanticManifest to /Users/srujan/dbt_learn/dbt_learn_repository/target/semantic_manifest.json
[0m09:39:34.457733 [debug] [MainThread]: Wrote artifact RunExecutionResult to /Users/srujan/dbt_learn/dbt_learn_repository/target/run_results.json
[0m09:39:34.457911 [info ] [MainThread]: 
[0m09:39:34.458103 [info ] [MainThread]: [31mCompleted with 2 errors, 0 partial successes, and 0 warnings:[0m
[0m09:39:34.458249 [info ] [MainThread]: 
[0m09:39:34.458427 [error] [MainThread]: [31mFailure in model my_test_model (models/example/my_test_model.sql)[0m
[0m09:39:34.458583 [error] [MainThread]:   Database Error in model my_test_model (models/example/my_test_model.sql)
  001003 (42000): SQL compilation error:
  syntax error line 8 at position 162 unexpected ';'.
  compiled code at target/run/dbt_learn_repository/models/example/my_test_model.sql
[0m09:39:34.458700 [info ] [MainThread]: 
[0m09:39:34.458840 [info ] [MainThread]:   compiled code at target/compiled/dbt_learn_repository/models/example/my_test_model.sql
[0m09:39:34.458958 [info ] [MainThread]: 
[0m09:39:34.459102 [error] [MainThread]: [31mFailure in model remote_model (models/example/remote_model.sql)[0m
[0m09:39:34.459247 [error] [MainThread]:   Database Error in model remote_model (models/example/remote_model.sql)
  001003 (42000): SQL compilation error:
  syntax error line 8 at position 161 unexpected ';'.
  compiled code at target/run/dbt_learn_repository/models/example/remote_model.sql
[0m09:39:34.459362 [info ] [MainThread]: 
[0m09:39:34.459500 [info ] [MainThread]:   compiled code at target/compiled/dbt_learn_repository/models/example/remote_model.sql
[0m09:39:34.459616 [info ] [MainThread]: 
[0m09:39:34.459749 [info ] [MainThread]: Done. PASS=2 WARN=0 ERROR=2 SKIP=0 NO-OP=0 TOTAL=4
[0m09:39:34.462267 [debug] [MainThread]: Resource report: {"command_name": "run", "command_success": false, "command_wall_clock_time": 3.5470445, "process_in_blocks": "0", "process_kernel_time": 0.208274, "process_mem_max_rss": "166576128", "process_out_blocks": "0", "process_user_time": 1.015633}
[0m09:39:34.462471 [debug] [MainThread]: Command `dbt run` failed at 09:39:34.462432 after 3.55 seconds
[0m09:39:34.462660 [debug] [MainThread]: Sending event: {'category': 'dbt', 'action': 'invocation', 'label': 'end', 'context': [<snowplow_tracker.self_describing_json.SelfDescribingJson object at 0x1059d7fb0>, <snowplow_tracker.self_describing_json.SelfDescribingJson object at 0x104c520f0>, <snowplow_tracker.self_describing_json.SelfDescribingJson object at 0x10d18d790>]}
[0m09:39:34.462817 [debug] [MainThread]: Flushing usage events
[0m09:39:34.703783 [debug] [MainThread]: An error was encountered while trying to flush usage events
[0m09:42:05.503873 [debug] [MainThread]: Sending event: {'category': 'dbt', 'action': 'invocation', 'label': 'start', 'context': [<snowplow_tracker.self_describing_json.SelfDescribingJson object at 0x1078bd280>, <snowplow_tracker.self_describing_json.SelfDescribingJson object at 0x1230006b0>, <snowplow_tracker.self_describing_json.SelfDescribingJson object at 0x123000410>]}


============================== 09:42:05.506505 | ebb263be-fd21-4d15-a2f7-ec0ace609aff ==============================
[0m09:42:05.506505 [info ] [MainThread]: Running with dbt=1.11.9
[0m09:42:05.506744 [debug] [MainThread]: running dbt with arguments {'write_json': 'True', 'fail_fast': 'False', 'log_path': '/Users/srujan/dbt_learn/dbt_learn_repository/logs', 'no_print': 'None', 'partial_parse': 'True', 'indirect_selection': 'eager', 'use_colors': 'True', 'empty': 'False', 'quiet': 'False', 'version_check': 'True', 'use_experimental_parser': 'False', 'debug': 'False', 'send_anonymous_usage_stats': 'True', 'warn_error': 'None', 'target_path': 'None', 'invocation_command': 'dbt run --target dev', 'warn_error_options': 'WarnErrorOptionsV2(error=[], warn=[], silence=[])', 'introspect': 'True', 'log_cache_events': 'False', 'cache_selected_only': 'False', 'static_parser': 'True', 'log_format': 'default', 'profiles_dir': '/Users/srujan/.dbt', 'printer_width': '80'}
[0m09:42:05.691890 [debug] [MainThread]: Snowflake adapter: Setting snowflake.connector to ERROR (file logging only)
[0m09:42:05.692097 [debug] [MainThread]: Snowflake adapter: Setting botocore to ERROR (file logging only)
[0m09:42:05.692205 [debug] [MainThread]: Snowflake adapter: Setting boto3 to ERROR (file logging only)
[0m09:42:05.776116 [debug] [MainThread]: Sending event: {'category': 'dbt', 'action': 'project_id', 'label': 'ebb263be-fd21-4d15-a2f7-ec0ace609aff', 'context': [<snowplow_tracker.self_describing_json.SelfDescribingJson object at 0x123c37020>]}
[0m09:42:05.795576 [debug] [MainThread]: Sending event: {'category': 'dbt', 'action': 'adapter_info', 'label': 'ebb263be-fd21-4d15-a2f7-ec0ace609aff', 'context': [<snowplow_tracker.self_describing_json.SelfDescribingJson object at 0x1232bcb30>]}
[0m09:42:05.796038 [info ] [MainThread]: Registered adapter: snowflake=1.11.4
[0m09:42:05.847833 [debug] [MainThread]: checksum: a2a6c3ad70d97238cd4662b1abb61bcb7b07a15f9f2431ec5bf3dbb2eaaa5bac, vars: {}, profile: , target: dev, version: 1.11.9
[0m09:42:05.918617 [debug] [MainThread]: Partial parsing enabled: 0 files deleted, 0 files added, 7 files changed.
[0m09:42:05.918891 [debug] [MainThread]: Partial parsing: updated file: dbt_learn_repository://models/example/my_test_model.sql
[0m09:42:05.919026 [debug] [MainThread]: Partial parsing: updated file: dbt_learn_repository://models/example/supplier.sql
[0m09:42:05.919145 [debug] [MainThread]: Partial parsing: updated file: dbt_learn_repository://models/example/region.sql
[0m09:42:05.919254 [debug] [MainThread]: Partial parsing: updated file: dbt_learn_repository://models/example/nation.sql
[0m09:42:05.919363 [debug] [MainThread]: Partial parsing: updated file: dbt_learn_repository://models/example/remote_model.sql
[0m09:42:05.919471 [debug] [MainThread]: Partial parsing: updated file: dbt_learn_repository://models/example/customer.sql
[0m09:42:05.919577 [debug] [MainThread]: Partial parsing: updated file: dbt_learn_repository://models/example/order.sql
[0m09:42:06.009717 [debug] [MainThread]: Sending event: {'category': 'dbt', 'action': 'load_project', 'label': 'ebb263be-fd21-4d15-a2f7-ec0ace609aff', 'context': [<snowplow_tracker.self_describing_json.SelfDescribingJson object at 0x125a3df40>]}
[0m09:42:06.036907 [debug] [MainThread]: Wrote artifact WritableManifest to /Users/srujan/dbt_learn/dbt_learn_repository/target/manifest.json
[0m09:42:06.037956 [debug] [MainThread]: Wrote artifact SemanticManifest to /Users/srujan/dbt_learn/dbt_learn_repository/target/semantic_manifest.json
[0m09:42:06.042744 [debug] [MainThread]: Sending event: {'category': 'dbt', 'action': 'resource_counts', 'label': 'ebb263be-fd21-4d15-a2f7-ec0ace609aff', 'context': [<snowplow_tracker.self_describing_json.SelfDescribingJson object at 0x125af2b70>]}
[0m09:42:06.042930 [info ] [MainThread]: Found 9 models, 4 data tests, 525 macros
[0m09:42:06.043056 [debug] [MainThread]: Sending event: {'category': 'dbt', 'action': 'runnable_timing', 'label': 'ebb263be-fd21-4d15-a2f7-ec0ace609aff', 'context': [<snowplow_tracker.self_describing_json.SelfDescribingJson object at 0x123954e00>]}
[0m09:42:06.043820 [info ] [MainThread]: 
[0m09:42:06.043946 [info ] [MainThread]: Concurrency: 1 threads (target='dev')
[0m09:42:06.044038 [info ] [MainThread]: 
[0m09:42:06.044205 [debug] [MainThread]: Acquiring new snowflake connection 'master'
[0m09:42:06.045890 [debug] [ThreadPool]: Acquiring new snowflake connection 'list_DBT_DEMO'
[0m09:42:06.071863 [debug] [ThreadPool]: Using snowflake connection "list_DBT_DEMO"
[0m09:42:06.072034 [debug] [ThreadPool]: On list_DBT_DEMO: show terse schemas in database DBT_DEMO
    limit 10000
/* {"app": "dbt", "dbt_version": "1.11.9", "profile_name": "dbt_learn_repository", "target_name": "dev", "connection_name": "list_DBT_DEMO"} */
[0m09:42:06.072129 [debug] [ThreadPool]: Opening a new connection, currently in state init
[0m09:42:07.401882 [debug] [ThreadPool]: SQL status: SUCCESS 3 in 1.330 seconds
[0m09:42:07.406241 [debug] [ThreadPool]: Re-using an available connection from the pool (formerly list_DBT_DEMO, now list_DBT_DEMO_public)
[0m09:42:07.420786 [debug] [ThreadPool]: Using snowflake connection "list_DBT_DEMO_public"
[0m09:42:07.421180 [debug] [ThreadPool]: On list_DBT_DEMO_public: show objects in DBT_DEMO.public
    limit 10000
    

/* {"app": "dbt", "dbt_version": "1.11.9", "profile_name": "dbt_learn_repository", "target_name": "dev", "connection_name": "list_DBT_DEMO_public"} */;
[0m09:42:07.519578 [debug] [ThreadPool]: SQL status: SUCCESS 2 in 0.098 seconds
[0m09:42:07.522932 [debug] [MainThread]: Sending event: {'category': 'dbt', 'action': 'runnable_timing', 'label': 'ebb263be-fd21-4d15-a2f7-ec0ace609aff', 'context': [<snowplow_tracker.self_describing_json.SelfDescribingJson object at 0x107be9880>]}
[0m09:42:07.526548 [debug] [Thread-2 (]: Began running node model.dbt_learn_repository.customer
[0m09:42:07.527208 [info ] [Thread-2 (]: 1 of 9 START sql view model public.customer .................................... [RUN]
[0m09:42:07.527779 [debug] [Thread-2 (]: Re-using an available connection from the pool (formerly list_DBT_DEMO_public, now model.dbt_learn_repository.customer)
[0m09:42:07.528120 [debug] [Thread-2 (]: Began compiling node model.dbt_learn_repository.customer
[0m09:42:07.535828 [debug] [Thread-2 (]: Writing injected SQL for node "model.dbt_learn_repository.customer"
[0m09:42:07.536606 [debug] [Thread-2 (]: Began executing node model.dbt_learn_repository.customer
[0m09:42:07.554624 [debug] [Thread-2 (]: Writing runtime sql for node "model.dbt_learn_repository.customer"
[0m09:42:07.555367 [debug] [Thread-2 (]: Using snowflake connection "model.dbt_learn_repository.customer"
[0m09:42:07.555595 [debug] [Thread-2 (]: On model.dbt_learn_repository.customer: create or replace   view DBT_DEMO.public.customer
  
  
  
  
  as (
    select *
from SNOWFLAKE_SAMPLE_DATA.TPCH_SF1.CUSTOMER
  )
/* {"app": "dbt", "dbt_version": "1.11.9", "profile_name": "dbt_learn_repository", "target_name": "dev", "node_id": "model.dbt_learn_repository.customer"} */;
[0m09:42:07.950532 [debug] [Thread-2 (]: SQL status: SUCCESS 1 in 0.394 seconds
[0m09:42:07.976763 [debug] [Thread-2 (]: Sending event: {'category': 'dbt', 'action': 'run_model', 'label': 'ebb263be-fd21-4d15-a2f7-ec0ace609aff', 'context': [<snowplow_tracker.self_describing_json.SelfDescribingJson object at 0x125de5ac0>]}
[0m09:42:07.977320 [info ] [Thread-2 (]: 1 of 9 OK created sql view model public.customer ............................... [[32mSUCCESS 1[0m in 0.45s]
[0m09:42:07.977712 [debug] [Thread-2 (]: Finished running node model.dbt_learn_repository.customer
[0m09:42:07.977961 [debug] [Thread-2 (]: Began running node model.dbt_learn_repository.my_first_dbt_model
[0m09:42:07.978315 [info ] [Thread-2 (]: 2 of 9 START sql table model public.my_first_dbt_model ......................... [RUN]
[0m09:42:07.978631 [debug] [Thread-2 (]: Re-using an available connection from the pool (formerly model.dbt_learn_repository.customer, now model.dbt_learn_repository.my_first_dbt_model)
[0m09:42:07.978838 [debug] [Thread-2 (]: Began compiling node model.dbt_learn_repository.my_first_dbt_model
[0m09:42:07.980876 [debug] [Thread-2 (]: Writing injected SQL for node "model.dbt_learn_repository.my_first_dbt_model"
[0m09:42:07.981388 [debug] [Thread-2 (]: Began executing node model.dbt_learn_repository.my_first_dbt_model
[0m09:42:07.995544 [debug] [Thread-2 (]: Writing runtime sql for node "model.dbt_learn_repository.my_first_dbt_model"
[0m09:42:07.996221 [debug] [Thread-2 (]: Using snowflake connection "model.dbt_learn_repository.my_first_dbt_model"
[0m09:42:07.996417 [debug] [Thread-2 (]: On model.dbt_learn_repository.my_first_dbt_model: create or replace transient table DBT_DEMO.public.my_first_dbt_model
    
    
    
    as (/*
    Welcome to your first dbt model!
    Did you know that you can also configure models directly within SQL files?
    This will override configurations stated in dbt_project.yml

    Try changing "table" to "view" below
*/



with source_data as (

    select 1 as id
    union all
    select null as id

)

select *
from source_data

/*
    Uncomment the line below to remove records with null `id` values
*/

-- where id is not null
    )

/* {"app": "dbt", "dbt_version": "1.11.9", "profile_name": "dbt_learn_repository", "target_name": "dev", "node_id": "model.dbt_learn_repository.my_first_dbt_model"} */;
[0m09:42:08.752598 [debug] [Thread-2 (]: SQL status: SUCCESS 2 in 0.756 seconds
[0m09:42:08.761323 [debug] [Thread-2 (]: Sending event: {'category': 'dbt', 'action': 'run_model', 'label': 'ebb263be-fd21-4d15-a2f7-ec0ace609aff', 'context': [<snowplow_tracker.self_describing_json.SelfDescribingJson object at 0x127aa85f0>]}
[0m09:42:08.761785 [info ] [Thread-2 (]: 2 of 9 OK created sql table model public.my_first_dbt_model .................... [[32mSUCCESS 2[0m in 0.78s]
[0m09:42:08.762081 [debug] [Thread-2 (]: Finished running node model.dbt_learn_repository.my_first_dbt_model
[0m09:42:08.762279 [debug] [Thread-2 (]: Began running node model.dbt_learn_repository.my_test_model
[0m09:42:08.762584 [info ] [Thread-2 (]: 3 of 9 START sql view model public.my_test_model ............................... [RUN]
[0m09:42:08.762890 [debug] [Thread-2 (]: Re-using an available connection from the pool (formerly model.dbt_learn_repository.my_first_dbt_model, now model.dbt_learn_repository.my_test_model)
[0m09:42:08.763059 [debug] [Thread-2 (]: Began compiling node model.dbt_learn_repository.my_test_model
[0m09:42:08.764328 [debug] [Thread-2 (]: Writing injected SQL for node "model.dbt_learn_repository.my_test_model"
[0m09:42:08.765706 [debug] [Thread-2 (]: Began executing node model.dbt_learn_repository.my_test_model
[0m09:42:08.767207 [debug] [Thread-2 (]: Writing runtime sql for node "model.dbt_learn_repository.my_test_model"
[0m09:42:08.767658 [debug] [Thread-2 (]: Using snowflake connection "model.dbt_learn_repository.my_test_model"
[0m09:42:08.767817 [debug] [Thread-2 (]: On model.dbt_learn_repository.my_test_model: create or replace   view DBT_DEMO.public.my_test_model
  
  
  
  
  as (
    select "hello from VS code" as message
  )
/* {"app": "dbt", "dbt_version": "1.11.9", "profile_name": "dbt_learn_repository", "target_name": "dev", "node_id": "model.dbt_learn_repository.my_test_model"} */;
[0m09:42:08.838164 [debug] [Thread-2 (]: Snowflake adapter: Snowflake query id: 01c44c36-0001-9eb0-001c-065f0001f2ae
[0m09:42:08.838445 [debug] [Thread-2 (]: Snowflake adapter: Snowflake error: 000904 (42000): SQL compilation error: error line 7 at position 11
invalid identifier '"hello from VS code"'
[0m09:42:08.841418 [debug] [Thread-2 (]: Database Error in model my_test_model (models/example/my_test_model.sql)
  000904 (42000): SQL compilation error: error line 7 at position 11
  invalid identifier '"hello from VS code"'
  compiled code at target/run/dbt_learn_repository/models/example/my_test_model.sql
[0m09:42:08.841706 [debug] [Thread-2 (]: Sending event: {'category': 'dbt', 'action': 'run_model', 'label': 'ebb263be-fd21-4d15-a2f7-ec0ace609aff', 'context': [<snowplow_tracker.self_describing_json.SelfDescribingJson object at 0x127ab78f0>]}
[0m09:42:08.842070 [error] [Thread-2 (]: 3 of 9 ERROR creating sql view model public.my_test_model ...................... [[31mERROR[0m in 0.08s]
[0m09:42:08.842379 [debug] [Thread-2 (]: Finished running node model.dbt_learn_repository.my_test_model
[0m09:42:08.842591 [debug] [Thread-2 (]: Began running node model.dbt_learn_repository.nation
[0m09:42:08.842850 [debug] [Thread-5 (]: Marking all children of 'model.dbt_learn_repository.my_test_model' to be skipped because of status 'error'.  Reason: Database Error in model my_test_model (models/example/my_test_model.sql)
  000904 (42000): SQL compilation error: error line 7 at position 11
  invalid identifier '"hello from VS code"'
  compiled code at target/run/dbt_learn_repository/models/example/my_test_model.sql.
[0m09:42:08.843097 [info ] [Thread-2 (]: 4 of 9 START sql view model public.nation ...................................... [RUN]
[0m09:42:08.843811 [debug] [Thread-2 (]: Re-using an available connection from the pool (formerly model.dbt_learn_repository.my_test_model, now model.dbt_learn_repository.nation)
[0m09:42:08.844087 [debug] [Thread-2 (]: Began compiling node model.dbt_learn_repository.nation
[0m09:42:08.845432 [debug] [Thread-2 (]: Writing injected SQL for node "model.dbt_learn_repository.nation"
[0m09:42:08.845852 [debug] [Thread-2 (]: Began executing node model.dbt_learn_repository.nation
[0m09:42:08.848390 [debug] [Thread-2 (]: Writing runtime sql for node "model.dbt_learn_repository.nation"
[0m09:42:08.848849 [debug] [Thread-2 (]: Using snowflake connection "model.dbt_learn_repository.nation"
[0m09:42:08.849034 [debug] [Thread-2 (]: On model.dbt_learn_repository.nation: create or replace   view DBT_DEMO.public.nation
  
  
  
  
  as (
    select *
from SNOWFLAKE_SAMPLE_DATA.TPCH_SF1.NATION
  )
/* {"app": "dbt", "dbt_version": "1.11.9", "profile_name": "dbt_learn_repository", "target_name": "dev", "node_id": "model.dbt_learn_repository.nation"} */;
[0m09:42:09.178777 [debug] [Thread-2 (]: SQL status: SUCCESS 1 in 0.329 seconds
[0m09:42:09.182312 [debug] [Thread-2 (]: Sending event: {'category': 'dbt', 'action': 'run_model', 'label': 'ebb263be-fd21-4d15-a2f7-ec0ace609aff', 'context': [<snowplow_tracker.self_describing_json.SelfDescribingJson object at 0x127fe6d20>]}
[0m09:42:09.183120 [info ] [Thread-2 (]: 4 of 9 OK created sql view model public.nation ................................. [[32mSUCCESS 1[0m in 0.34s]
[0m09:42:09.183669 [debug] [Thread-2 (]: Finished running node model.dbt_learn_repository.nation
[0m09:42:09.184059 [debug] [Thread-2 (]: Began running node model.dbt_learn_repository.order
[0m09:42:09.184627 [info ] [Thread-2 (]: 5 of 9 START sql view model public.order ....................................... [RUN]
[0m09:42:09.185150 [debug] [Thread-2 (]: Re-using an available connection from the pool (formerly model.dbt_learn_repository.nation, now model.dbt_learn_repository.order)
[0m09:42:09.185513 [debug] [Thread-2 (]: Began compiling node model.dbt_learn_repository.order
[0m09:42:09.188577 [debug] [Thread-2 (]: Writing injected SQL for node "model.dbt_learn_repository.order"
[0m09:42:09.189494 [debug] [Thread-2 (]: Began executing node model.dbt_learn_repository.order
[0m09:42:09.192612 [debug] [Thread-2 (]: Writing runtime sql for node "model.dbt_learn_repository.order"
[0m09:42:09.193498 [debug] [Thread-2 (]: Using snowflake connection "model.dbt_learn_repository.order"
[0m09:42:09.193842 [debug] [Thread-2 (]: On model.dbt_learn_repository.order: create or replace   view DBT_DEMO.public.order
  
  
  
  
  as (
    select *
from SNOWFLAKE_SAMPLE_DATA.TPCH_SF1.ORDERS
  )
/* {"app": "dbt", "dbt_version": "1.11.9", "profile_name": "dbt_learn_repository", "target_name": "dev", "node_id": "model.dbt_learn_repository.order"} */;
[0m09:42:09.256055 [debug] [Thread-2 (]: Snowflake adapter: Snowflake query id: 01c44c36-0001-9c5e-001c-065f000172ea
[0m09:42:09.256804 [debug] [Thread-2 (]: Snowflake adapter: Snowflake error: 001003 (42000): SQL compilation error:
syntax error line 1 at position 40 unexpected '.'.
[0m09:42:09.260771 [debug] [Thread-2 (]: Database Error in model order (models/example/order.sql)
  001003 (42000): SQL compilation error:
  syntax error line 1 at position 40 unexpected '.'.
  compiled code at target/run/dbt_learn_repository/models/example/order.sql
[0m09:42:09.261411 [debug] [Thread-2 (]: Sending event: {'category': 'dbt', 'action': 'run_model', 'label': 'ebb263be-fd21-4d15-a2f7-ec0ace609aff', 'context': [<snowplow_tracker.self_describing_json.SelfDescribingJson object at 0x137973e60>]}
[0m09:42:09.262210 [error] [Thread-2 (]: 5 of 9 ERROR creating sql view model public.order .............................. [[31mERROR[0m in 0.08s]
[0m09:42:09.262708 [debug] [Thread-2 (]: Finished running node model.dbt_learn_repository.order
[0m09:42:09.263069 [debug] [Thread-2 (]: Began running node model.dbt_learn_repository.region
[0m09:42:09.263451 [debug] [Thread-5 (]: Marking all children of 'model.dbt_learn_repository.order' to be skipped because of status 'error'.  Reason: Database Error in model order (models/example/order.sql)
  001003 (42000): SQL compilation error:
  syntax error line 1 at position 40 unexpected '.'.
  compiled code at target/run/dbt_learn_repository/models/example/order.sql.
[0m09:42:09.263864 [info ] [Thread-2 (]: 6 of 9 START sql view model public.region ...................................... [RUN]
[0m09:42:09.264428 [debug] [Thread-2 (]: Re-using an available connection from the pool (formerly model.dbt_learn_repository.order, now model.dbt_learn_repository.region)
[0m09:42:09.264723 [debug] [Thread-2 (]: Began compiling node model.dbt_learn_repository.region
[0m09:42:09.267460 [debug] [Thread-2 (]: Writing injected SQL for node "model.dbt_learn_repository.region"
[0m09:42:09.268446 [debug] [Thread-2 (]: Began executing node model.dbt_learn_repository.region
[0m09:42:09.271866 [debug] [Thread-2 (]: Writing runtime sql for node "model.dbt_learn_repository.region"
[0m09:42:09.272701 [debug] [Thread-2 (]: Using snowflake connection "model.dbt_learn_repository.region"
[0m09:42:09.272975 [debug] [Thread-2 (]: On model.dbt_learn_repository.region: create or replace   view DBT_DEMO.public.region
  
  
  
  
  as (
    select *
from SNOWFLAKE_SAMPLE_DATA.TPCH_SF1.REGION
  )
/* {"app": "dbt", "dbt_version": "1.11.9", "profile_name": "dbt_learn_repository", "target_name": "dev", "node_id": "model.dbt_learn_repository.region"} */;
[0m09:42:09.549603 [debug] [Thread-2 (]: SQL status: SUCCESS 1 in 0.276 seconds
[0m09:42:09.552975 [debug] [Thread-2 (]: Sending event: {'category': 'dbt', 'action': 'run_model', 'label': 'ebb263be-fd21-4d15-a2f7-ec0ace609aff', 'context': [<snowplow_tracker.self_describing_json.SelfDescribingJson object at 0x127fda150>]}
[0m09:42:09.553691 [info ] [Thread-2 (]: 6 of 9 OK created sql view model public.region ................................. [[32mSUCCESS 1[0m in 0.29s]
[0m09:42:09.554191 [debug] [Thread-2 (]: Finished running node model.dbt_learn_repository.region
[0m09:42:09.554534 [debug] [Thread-2 (]: Began running node model.dbt_learn_repository.remote_model
[0m09:42:09.555014 [info ] [Thread-2 (]: 7 of 9 START sql view model public.remote_model ................................ [RUN]
[0m09:42:09.555461 [debug] [Thread-2 (]: Re-using an available connection from the pool (formerly model.dbt_learn_repository.region, now model.dbt_learn_repository.remote_model)
[0m09:42:09.555774 [debug] [Thread-2 (]: Began compiling node model.dbt_learn_repository.remote_model
[0m09:42:09.558203 [debug] [Thread-2 (]: Writing injected SQL for node "model.dbt_learn_repository.remote_model"
[0m09:42:09.559726 [debug] [Thread-2 (]: Began executing node model.dbt_learn_repository.remote_model
[0m09:42:09.562329 [debug] [Thread-2 (]: Writing runtime sql for node "model.dbt_learn_repository.remote_model"
[0m09:42:09.563444 [debug] [Thread-2 (]: Using snowflake connection "model.dbt_learn_repository.remote_model"
[0m09:42:09.563741 [debug] [Thread-2 (]: On model.dbt_learn_repository.remote_model: create or replace   view DBT_DEMO.public.remote_model
  
  
  
  
  as (
    select "hello from github" as message
  )
/* {"app": "dbt", "dbt_version": "1.11.9", "profile_name": "dbt_learn_repository", "target_name": "dev", "node_id": "model.dbt_learn_repository.remote_model"} */;
[0m09:42:09.649432 [debug] [Thread-2 (]: Snowflake adapter: Snowflake query id: 01c44c36-0001-9c5e-001c-065f000172ee
[0m09:42:09.650041 [debug] [Thread-2 (]: Snowflake adapter: Snowflake error: 000904 (42000): SQL compilation error: error line 7 at position 11
invalid identifier '"hello from github"'
[0m09:42:09.653194 [debug] [Thread-2 (]: Database Error in model remote_model (models/example/remote_model.sql)
  000904 (42000): SQL compilation error: error line 7 at position 11
  invalid identifier '"hello from github"'
  compiled code at target/run/dbt_learn_repository/models/example/remote_model.sql
[0m09:42:09.653691 [debug] [Thread-2 (]: Sending event: {'category': 'dbt', 'action': 'run_model', 'label': 'ebb263be-fd21-4d15-a2f7-ec0ace609aff', 'context': [<snowplow_tracker.self_describing_json.SelfDescribingJson object at 0x137958890>]}
[0m09:42:09.654414 [error] [Thread-2 (]: 7 of 9 ERROR creating sql view model public.remote_model ....................... [[31mERROR[0m in 0.10s]
[0m09:42:09.654920 [debug] [Thread-2 (]: Finished running node model.dbt_learn_repository.remote_model
[0m09:42:09.655226 [debug] [Thread-2 (]: Began running node model.dbt_learn_repository.supplier
[0m09:42:09.655563 [info ] [Thread-2 (]: 8 of 9 START sql view model public.supplier .................................... [RUN]
[0m09:42:09.655967 [debug] [Thread-2 (]: Re-using an available connection from the pool (formerly model.dbt_learn_repository.remote_model, now model.dbt_learn_repository.supplier)
[0m09:42:09.656232 [debug] [Thread-2 (]: Began compiling node model.dbt_learn_repository.supplier
[0m09:42:09.658340 [debug] [Thread-2 (]: Writing injected SQL for node "model.dbt_learn_repository.supplier"
[0m09:42:09.659086 [debug] [Thread-5 (]: Marking all children of 'model.dbt_learn_repository.remote_model' to be skipped because of status 'error'.  Reason: Database Error in model remote_model (models/example/remote_model.sql)
  000904 (42000): SQL compilation error: error line 7 at position 11
  invalid identifier '"hello from github"'
  compiled code at target/run/dbt_learn_repository/models/example/remote_model.sql.
[0m09:42:09.659791 [debug] [Thread-2 (]: Began executing node model.dbt_learn_repository.supplier
[0m09:42:09.662854 [debug] [Thread-2 (]: Writing runtime sql for node "model.dbt_learn_repository.supplier"
[0m09:42:09.663801 [debug] [Thread-2 (]: Using snowflake connection "model.dbt_learn_repository.supplier"
[0m09:42:09.664220 [debug] [Thread-2 (]: On model.dbt_learn_repository.supplier: create or replace   view DBT_DEMO.public.supplier
  
  
  
  
  as (
    select *
from SNOWFLAKE_SAMPLE_DATA.TPCH_SF1.SUPPLIER
  )
/* {"app": "dbt", "dbt_version": "1.11.9", "profile_name": "dbt_learn_repository", "target_name": "dev", "node_id": "model.dbt_learn_repository.supplier"} */;
[0m09:42:09.999343 [debug] [Thread-2 (]: SQL status: SUCCESS 1 in 0.335 seconds
[0m09:42:10.003342 [debug] [Thread-2 (]: Sending event: {'category': 'dbt', 'action': 'run_model', 'label': 'ebb263be-fd21-4d15-a2f7-ec0ace609aff', 'context': [<snowplow_tracker.self_describing_json.SelfDescribingJson object at 0x13795b9b0>]}
[0m09:42:10.004127 [info ] [Thread-2 (]: 8 of 9 OK created sql view model public.supplier ............................... [[32mSUCCESS 1[0m in 0.35s]
[0m09:42:10.004685 [debug] [Thread-2 (]: Finished running node model.dbt_learn_repository.supplier
[0m09:42:10.005079 [debug] [Thread-2 (]: Began running node model.dbt_learn_repository.my_second_dbt_model
[0m09:42:10.005642 [info ] [Thread-2 (]: 9 of 9 START sql view model public.my_second_dbt_model ......................... [RUN]
[0m09:42:10.006170 [debug] [Thread-2 (]: Re-using an available connection from the pool (formerly model.dbt_learn_repository.supplier, now model.dbt_learn_repository.my_second_dbt_model)
[0m09:42:10.006526 [debug] [Thread-2 (]: Began compiling node model.dbt_learn_repository.my_second_dbt_model
[0m09:42:10.010589 [debug] [Thread-2 (]: Writing injected SQL for node "model.dbt_learn_repository.my_second_dbt_model"
[0m09:42:10.011523 [debug] [Thread-2 (]: Began executing node model.dbt_learn_repository.my_second_dbt_model
[0m09:42:10.017096 [debug] [Thread-2 (]: Writing runtime sql for node "model.dbt_learn_repository.my_second_dbt_model"
[0m09:42:10.018153 [debug] [Thread-2 (]: Using snowflake connection "model.dbt_learn_repository.my_second_dbt_model"
[0m09:42:10.018518 [debug] [Thread-2 (]: On model.dbt_learn_repository.my_second_dbt_model: create or replace   view DBT_DEMO.public.my_second_dbt_model
  
  
  
  
  as (
    -- Use the `ref` function to select from other models

select *
from DBT_DEMO.public.my_first_dbt_model
where id = 1
  )
/* {"app": "dbt", "dbt_version": "1.11.9", "profile_name": "dbt_learn_repository", "target_name": "dev", "node_id": "model.dbt_learn_repository.my_second_dbt_model"} */;
[0m09:42:10.253438 [debug] [Thread-2 (]: SQL status: SUCCESS 1 in 0.234 seconds
[0m09:42:10.256720 [debug] [Thread-2 (]: Sending event: {'category': 'dbt', 'action': 'run_model', 'label': 'ebb263be-fd21-4d15-a2f7-ec0ace609aff', 'context': [<snowplow_tracker.self_describing_json.SelfDescribingJson object at 0x13798bce0>]}
[0m09:42:10.257471 [info ] [Thread-2 (]: 9 of 9 OK created sql view model public.my_second_dbt_model .................... [[32mSUCCESS 1[0m in 0.25s]
[0m09:42:10.258033 [debug] [Thread-2 (]: Finished running node model.dbt_learn_repository.my_second_dbt_model
[0m09:42:10.259507 [debug] [MainThread]: Connection 'master' was properly closed.
[0m09:42:10.259831 [debug] [MainThread]: Connection 'model.dbt_learn_repository.my_second_dbt_model' was left open.
[0m09:42:10.260109 [debug] [MainThread]: On model.dbt_learn_repository.my_second_dbt_model: Close
[0m09:42:10.350201 [info ] [MainThread]: 
[0m09:42:10.350981 [info ] [MainThread]: Finished running 1 table model, 8 view models in 0 hours 0 minutes and 4.31 seconds (4.31s).
[0m09:42:10.352779 [debug] [MainThread]: Command end result
[0m09:42:10.428318 [debug] [MainThread]: Wrote artifact WritableManifest to /Users/srujan/dbt_learn/dbt_learn_repository/target/manifest.json
[0m09:42:10.429122 [debug] [MainThread]: Wrote artifact SemanticManifest to /Users/srujan/dbt_learn/dbt_learn_repository/target/semantic_manifest.json
[0m09:42:10.431647 [debug] [MainThread]: Wrote artifact RunExecutionResult to /Users/srujan/dbt_learn/dbt_learn_repository/target/run_results.json
[0m09:42:10.431762 [info ] [MainThread]: 
[0m09:42:10.431896 [info ] [MainThread]: [31mCompleted with 3 errors, 0 partial successes, and 0 warnings:[0m
[0m09:42:10.432001 [info ] [MainThread]: 
[0m09:42:10.432126 [error] [MainThread]: [31mFailure in model my_test_model (models/example/my_test_model.sql)[0m
[0m09:42:10.432244 [error] [MainThread]:   Database Error in model my_test_model (models/example/my_test_model.sql)
  000904 (42000): SQL compilation error: error line 7 at position 11
  invalid identifier '"hello from VS code"'
  compiled code at target/run/dbt_learn_repository/models/example/my_test_model.sql
[0m09:42:10.432333 [info ] [MainThread]: 
[0m09:42:10.432440 [info ] [MainThread]:   compiled code at target/compiled/dbt_learn_repository/models/example/my_test_model.sql
[0m09:42:10.432527 [info ] [MainThread]: 
[0m09:42:10.432631 [error] [MainThread]: [31mFailure in model order (models/example/order.sql)[0m
[0m09:42:10.432738 [error] [MainThread]:   Database Error in model order (models/example/order.sql)
  001003 (42000): SQL compilation error:
  syntax error line 1 at position 40 unexpected '.'.
  compiled code at target/run/dbt_learn_repository/models/example/order.sql
[0m09:42:10.432822 [info ] [MainThread]: 
[0m09:42:10.432921 [info ] [MainThread]:   compiled code at target/compiled/dbt_learn_repository/models/example/order.sql
[0m09:42:10.433001 [info ] [MainThread]: 
[0m09:42:10.433106 [error] [MainThread]: [31mFailure in model remote_model (models/example/remote_model.sql)[0m
[0m09:42:10.433213 [error] [MainThread]:   Database Error in model remote_model (models/example/remote_model.sql)
  000904 (42000): SQL compilation error: error line 7 at position 11
  invalid identifier '"hello from github"'
  compiled code at target/run/dbt_learn_repository/models/example/remote_model.sql
[0m09:42:10.433298 [info ] [MainThread]: 
[0m09:42:10.433396 [info ] [MainThread]:   compiled code at target/compiled/dbt_learn_repository/models/example/remote_model.sql
[0m09:42:10.433482 [info ] [MainThread]: 
[0m09:42:10.433582 [info ] [MainThread]: Done. PASS=6 WARN=0 ERROR=3 SKIP=0 NO-OP=0 TOTAL=9
[0m09:42:10.435249 [debug] [MainThread]: Resource report: {"command_name": "run", "command_success": false, "command_wall_clock_time": 4.9642873, "process_in_blocks": "0", "process_kernel_time": 0.216876, "process_mem_max_rss": "172228608", "process_out_blocks": "0", "process_user_time": 1.226398}
[0m09:42:10.435411 [debug] [MainThread]: Command `dbt run` failed at 09:42:10.435380 after 4.96 seconds
[0m09:42:10.435540 [debug] [MainThread]: Sending event: {'category': 'dbt', 'action': 'invocation', 'label': 'end', 'context': [<snowplow_tracker.self_describing_json.SelfDescribingJson object at 0x127fd9c40>, <snowplow_tracker.self_describing_json.SelfDescribingJson object at 0x127fd81d0>, <snowplow_tracker.self_describing_json.SelfDescribingJson object at 0x127fd9670>]}
[0m09:42:10.435658 [debug] [MainThread]: Flushing usage events
[0m09:42:10.560237 [debug] [MainThread]: An error was encountered while trying to flush usage events
[0m09:43:21.996301 [debug] [MainThread]: Sending event: {'category': 'dbt', 'action': 'invocation', 'label': 'start', 'context': [<snowplow_tracker.self_describing_json.SelfDescribingJson object at 0x107fa7440>, <snowplow_tracker.self_describing_json.SelfDescribingJson object at 0x108ddc740>, <snowplow_tracker.self_describing_json.SelfDescribingJson object at 0x108ddc4a0>]}


============================== 09:43:21.998664 | 4ebf7e45-03bf-4574-adce-d620114eb3c4 ==============================
[0m09:43:21.998664 [info ] [MainThread]: Running with dbt=1.11.9
[0m09:43:21.998895 [debug] [MainThread]: running dbt with arguments {'printer_width': '80', 'fail_fast': 'False', 'log_format': 'default', 'target_path': 'None', 'partial_parse': 'True', 'empty': 'False', 'send_anonymous_usage_stats': 'True', 'profiles_dir': '/Users/srujan/.dbt', 'use_experimental_parser': 'False', 'version_check': 'True', 'use_colors': 'True', 'introspect': 'True', 'log_path': '/Users/srujan/dbt_learn/dbt_learn_repository/logs', 'warn_error': 'None', 'quiet': 'False', 'invocation_command': 'dbt run --target dev', 'no_print': 'None', 'indirect_selection': 'eager', 'cache_selected_only': 'False', 'warn_error_options': 'WarnErrorOptionsV2(error=[], warn=[], silence=[])', 'log_cache_events': 'False', 'static_parser': 'True', 'debug': 'False', 'write_json': 'True'}
[0m09:43:22.177099 [debug] [MainThread]: Snowflake adapter: Setting snowflake.connector to ERROR (file logging only)
[0m09:43:22.177344 [debug] [MainThread]: Snowflake adapter: Setting botocore to ERROR (file logging only)
[0m09:43:22.177451 [debug] [MainThread]: Snowflake adapter: Setting boto3 to ERROR (file logging only)
[0m09:43:22.263221 [debug] [MainThread]: Sending event: {'category': 'dbt', 'action': 'project_id', 'label': '4ebf7e45-03bf-4574-adce-d620114eb3c4', 'context': [<snowplow_tracker.self_describing_json.SelfDescribingJson object at 0x109842de0>]}
[0m09:43:22.283038 [debug] [MainThread]: Sending event: {'category': 'dbt', 'action': 'adapter_info', 'label': '4ebf7e45-03bf-4574-adce-d620114eb3c4', 'context': [<snowplow_tracker.self_describing_json.SelfDescribingJson object at 0x108df37d0>]}
[0m09:43:22.283517 [info ] [MainThread]: Registered adapter: snowflake=1.11.4
[0m09:43:22.331319 [debug] [MainThread]: checksum: a2a6c3ad70d97238cd4662b1abb61bcb7b07a15f9f2431ec5bf3dbb2eaaa5bac, vars: {}, profile: , target: dev, version: 1.11.9
[0m09:43:22.364813 [info ] [MainThread]: Unable to do partial parsing because profile has changed
[0m09:43:22.365034 [debug] [MainThread]: Sending event: {'category': 'dbt', 'action': 'partial_parser', 'label': '4ebf7e45-03bf-4574-adce-d620114eb3c4', 'context': [<snowplow_tracker.self_describing_json.SelfDescribingJson object at 0x10a27e630>]}
[0m09:43:22.825593 [debug] [MainThread]: Sending event: {'category': 'dbt', 'action': 'load_project', 'label': '4ebf7e45-03bf-4574-adce-d620114eb3c4', 'context': [<snowplow_tracker.self_describing_json.SelfDescribingJson object at 0x10b156d80>]}
[0m09:43:22.853148 [debug] [MainThread]: Wrote artifact WritableManifest to /Users/srujan/dbt_learn/dbt_learn_repository/target/manifest.json
[0m09:43:22.854226 [debug] [MainThread]: Wrote artifact SemanticManifest to /Users/srujan/dbt_learn/dbt_learn_repository/target/semantic_manifest.json
[0m09:43:22.859205 [debug] [MainThread]: Sending event: {'category': 'dbt', 'action': 'resource_counts', 'label': '4ebf7e45-03bf-4574-adce-d620114eb3c4', 'context': [<snowplow_tracker.self_describing_json.SelfDescribingJson object at 0x10a1efb90>]}
[0m09:43:22.859381 [info ] [MainThread]: Found 9 models, 4 data tests, 525 macros
[0m09:43:22.859504 [debug] [MainThread]: Sending event: {'category': 'dbt', 'action': 'runnable_timing', 'label': '4ebf7e45-03bf-4574-adce-d620114eb3c4', 'context': [<snowplow_tracker.self_describing_json.SelfDescribingJson object at 0x10a4bc170>]}
[0m09:43:22.860318 [info ] [MainThread]: 
[0m09:43:22.860444 [info ] [MainThread]: Concurrency: 1 threads (target='dev')
[0m09:43:22.860540 [info ] [MainThread]: 
[0m09:43:22.860711 [debug] [MainThread]: Acquiring new snowflake connection 'master'
[0m09:43:22.862318 [debug] [ThreadPool]: Acquiring new snowflake connection 'list_DBT_DEMO'
[0m09:43:22.887939 [debug] [ThreadPool]: Using snowflake connection "list_DBT_DEMO"
[0m09:43:22.888107 [debug] [ThreadPool]: On list_DBT_DEMO: show terse schemas in database DBT_DEMO
    limit 10000
/* {"app": "dbt", "dbt_version": "1.11.9", "profile_name": "dbt_learn_repository", "target_name": "dev", "connection_name": "list_DBT_DEMO"} */
[0m09:43:22.888197 [debug] [ThreadPool]: Opening a new connection, currently in state init
[0m09:43:24.427914 [debug] [ThreadPool]: SQL status: SUCCESS 3 in 1.539 seconds
[0m09:43:24.433051 [debug] [ThreadPool]: Re-using an available connection from the pool (formerly list_DBT_DEMO, now list_DBT_DEMO_RAWLAYER)
[0m09:43:24.440353 [debug] [ThreadPool]: Using snowflake connection "list_DBT_DEMO_RAWLAYER"
[0m09:43:24.440539 [debug] [ThreadPool]: On list_DBT_DEMO_RAWLAYER: show objects in DBT_DEMO.RAWLAYER
    limit 10000
    

/* {"app": "dbt", "dbt_version": "1.11.9", "profile_name": "dbt_learn_repository", "target_name": "dev", "connection_name": "list_DBT_DEMO_RAWLAYER"} */;
[0m09:43:24.520147 [debug] [ThreadPool]: SQL status: SUCCESS 0 in 0.079 seconds
[0m09:43:24.521810 [debug] [MainThread]: Sending event: {'category': 'dbt', 'action': 'runnable_timing', 'label': '4ebf7e45-03bf-4574-adce-d620114eb3c4', 'context': [<snowplow_tracker.self_describing_json.SelfDescribingJson object at 0x10645ddc0>]}
[0m09:43:24.524986 [debug] [Thread-2 (]: Began running node model.dbt_learn_repository.customer
[0m09:43:24.525445 [info ] [Thread-2 (]: 1 of 9 START sql view model RAWLAYER.customer .................................. [RUN]
[0m09:43:24.525818 [debug] [Thread-2 (]: Re-using an available connection from the pool (formerly list_DBT_DEMO_RAWLAYER, now model.dbt_learn_repository.customer)
[0m09:43:24.526087 [debug] [Thread-2 (]: Began compiling node model.dbt_learn_repository.customer
[0m09:43:24.531023 [debug] [Thread-2 (]: Writing injected SQL for node "model.dbt_learn_repository.customer"
[0m09:43:24.531715 [debug] [Thread-2 (]: Began executing node model.dbt_learn_repository.customer
[0m09:43:24.548900 [debug] [Thread-2 (]: Writing runtime sql for node "model.dbt_learn_repository.customer"
[0m09:43:24.549450 [debug] [Thread-2 (]: Using snowflake connection "model.dbt_learn_repository.customer"
[0m09:43:24.549620 [debug] [Thread-2 (]: On model.dbt_learn_repository.customer: create or replace   view DBT_DEMO.RAWLAYER.customer
  
  
  
  
  as (
    select *
from SNOWFLAKE_SAMPLE_DATA.TPCH_SF1.CUSTOMER
  )
/* {"app": "dbt", "dbt_version": "1.11.9", "profile_name": "dbt_learn_repository", "target_name": "dev", "node_id": "model.dbt_learn_repository.customer"} */;
[0m09:43:24.868404 [debug] [Thread-2 (]: SQL status: SUCCESS 1 in 0.318 seconds
[0m09:43:24.895023 [debug] [Thread-2 (]: Sending event: {'category': 'dbt', 'action': 'run_model', 'label': '4ebf7e45-03bf-4574-adce-d620114eb3c4', 'context': [<snowplow_tracker.self_describing_json.SelfDescribingJson object at 0x108df0710>]}
[0m09:43:24.895573 [info ] [Thread-2 (]: 1 of 9 OK created sql view model RAWLAYER.customer ............................. [[32mSUCCESS 1[0m in 0.37s]
[0m09:43:24.895935 [debug] [Thread-2 (]: Finished running node model.dbt_learn_repository.customer
[0m09:43:24.896175 [debug] [Thread-2 (]: Began running node model.dbt_learn_repository.my_first_dbt_model
[0m09:43:24.896533 [info ] [Thread-2 (]: 2 of 9 START sql table model RAWLAYER.my_first_dbt_model ....................... [RUN]
[0m09:43:24.896872 [debug] [Thread-2 (]: Re-using an available connection from the pool (formerly model.dbt_learn_repository.customer, now model.dbt_learn_repository.my_first_dbt_model)
[0m09:43:24.897091 [debug] [Thread-2 (]: Began compiling node model.dbt_learn_repository.my_first_dbt_model
[0m09:43:24.898959 [debug] [Thread-2 (]: Writing injected SQL for node "model.dbt_learn_repository.my_first_dbt_model"
[0m09:43:24.899434 [debug] [Thread-2 (]: Began executing node model.dbt_learn_repository.my_first_dbt_model
[0m09:43:24.912389 [debug] [Thread-2 (]: Writing runtime sql for node "model.dbt_learn_repository.my_first_dbt_model"
[0m09:43:24.913050 [debug] [Thread-2 (]: Using snowflake connection "model.dbt_learn_repository.my_first_dbt_model"
[0m09:43:24.913238 [debug] [Thread-2 (]: On model.dbt_learn_repository.my_first_dbt_model: create or replace transient table DBT_DEMO.RAWLAYER.my_first_dbt_model
    
    
    
    as (/*
    Welcome to your first dbt model!
    Did you know that you can also configure models directly within SQL files?
    This will override configurations stated in dbt_project.yml

    Try changing "table" to "view" below
*/



with source_data as (

    select 1 as id
    union all
    select null as id

)

select *
from source_data

/*
    Uncomment the line below to remove records with null `id` values
*/

-- where id is not null
    )

/* {"app": "dbt", "dbt_version": "1.11.9", "profile_name": "dbt_learn_repository", "target_name": "dev", "node_id": "model.dbt_learn_repository.my_first_dbt_model"} */;
[0m09:43:25.827717 [debug] [Thread-2 (]: SQL status: SUCCESS 2 in 0.914 seconds
[0m09:43:25.831159 [debug] [Thread-2 (]: Sending event: {'category': 'dbt', 'action': 'run_model', 'label': '4ebf7e45-03bf-4574-adce-d620114eb3c4', 'context': [<snowplow_tracker.self_describing_json.SelfDescribingJson object at 0x10b55d670>]}
[0m09:43:25.831941 [info ] [Thread-2 (]: 2 of 9 OK created sql table model RAWLAYER.my_first_dbt_model .................. [[32mSUCCESS 2[0m in 0.93s]
[0m09:43:25.832453 [debug] [Thread-2 (]: Finished running node model.dbt_learn_repository.my_first_dbt_model
[0m09:43:25.832798 [debug] [Thread-2 (]: Began running node model.dbt_learn_repository.my_test_model
[0m09:43:25.833289 [info ] [Thread-2 (]: 3 of 9 START sql view model RAWLAYER.my_test_model ............................. [RUN]
[0m09:43:25.833866 [debug] [Thread-2 (]: Re-using an available connection from the pool (formerly model.dbt_learn_repository.my_first_dbt_model, now model.dbt_learn_repository.my_test_model)
[0m09:43:25.834164 [debug] [Thread-2 (]: Began compiling node model.dbt_learn_repository.my_test_model
[0m09:43:25.836780 [debug] [Thread-2 (]: Writing injected SQL for node "model.dbt_learn_repository.my_test_model"
[0m09:43:25.837670 [debug] [Thread-2 (]: Began executing node model.dbt_learn_repository.my_test_model
[0m09:43:25.840621 [debug] [Thread-2 (]: Writing runtime sql for node "model.dbt_learn_repository.my_test_model"
[0m09:43:25.841581 [debug] [Thread-2 (]: Using snowflake connection "model.dbt_learn_repository.my_test_model"
[0m09:43:25.841878 [debug] [Thread-2 (]: On model.dbt_learn_repository.my_test_model: create or replace   view DBT_DEMO.RAWLAYER.my_test_model
  
  
  
  
  as (
    select "hello from VS code" as message
  )
/* {"app": "dbt", "dbt_version": "1.11.9", "profile_name": "dbt_learn_repository", "target_name": "dev", "node_id": "model.dbt_learn_repository.my_test_model"} */;
[0m09:43:25.958870 [debug] [Thread-2 (]: Snowflake adapter: Snowflake query id: 01c44c37-0001-9feb-001c-065f000252be
[0m09:43:25.959528 [debug] [Thread-2 (]: Snowflake adapter: Snowflake error: 000904 (42000): SQL compilation error: error line 7 at position 11
invalid identifier '"hello from VS code"'
[0m09:43:25.964378 [debug] [Thread-2 (]: Database Error in model my_test_model (models/example/my_test_model.sql)
  000904 (42000): SQL compilation error: error line 7 at position 11
  invalid identifier '"hello from VS code"'
  compiled code at target/run/dbt_learn_repository/models/example/my_test_model.sql
[0m09:43:25.964984 [debug] [Thread-2 (]: Sending event: {'category': 'dbt', 'action': 'run_model', 'label': '4ebf7e45-03bf-4574-adce-d620114eb3c4', 'context': [<snowplow_tracker.self_describing_json.SelfDescribingJson object at 0x10b661a90>]}
[0m09:43:25.965735 [error] [Thread-2 (]: 3 of 9 ERROR creating sql view model RAWLAYER.my_test_model .................... [[31mERROR[0m in 0.13s]
[0m09:43:25.966217 [debug] [Thread-2 (]: Finished running node model.dbt_learn_repository.my_test_model
[0m09:43:25.966541 [debug] [Thread-2 (]: Began running node model.dbt_learn_repository.nation
[0m09:43:25.966950 [debug] [Thread-5 (]: Marking all children of 'model.dbt_learn_repository.my_test_model' to be skipped because of status 'error'.  Reason: Database Error in model my_test_model (models/example/my_test_model.sql)
  000904 (42000): SQL compilation error: error line 7 at position 11
  invalid identifier '"hello from VS code"'
  compiled code at target/run/dbt_learn_repository/models/example/my_test_model.sql.
[0m09:43:25.967355 [info ] [Thread-2 (]: 4 of 9 START sql view model RAWLAYER.nation .................................... [RUN]
[0m09:43:25.968505 [debug] [Thread-2 (]: Re-using an available connection from the pool (formerly model.dbt_learn_repository.my_test_model, now model.dbt_learn_repository.nation)
[0m09:43:25.968822 [debug] [Thread-2 (]: Began compiling node model.dbt_learn_repository.nation
[0m09:43:25.971928 [debug] [Thread-2 (]: Writing injected SQL for node "model.dbt_learn_repository.nation"
[0m09:43:25.972829 [debug] [Thread-2 (]: Began executing node model.dbt_learn_repository.nation
[0m09:43:25.975740 [debug] [Thread-2 (]: Writing runtime sql for node "model.dbt_learn_repository.nation"
[0m09:43:25.976498 [debug] [Thread-2 (]: Using snowflake connection "model.dbt_learn_repository.nation"
[0m09:43:25.976774 [debug] [Thread-2 (]: On model.dbt_learn_repository.nation: create or replace   view DBT_DEMO.RAWLAYER.nation
  
  
  
  
  as (
    select *
from SNOWFLAKE_SAMPLE_DATA.TPCH_SF1.NATION
  )
/* {"app": "dbt", "dbt_version": "1.11.9", "profile_name": "dbt_learn_repository", "target_name": "dev", "node_id": "model.dbt_learn_repository.nation"} */;
[0m09:43:26.212692 [debug] [Thread-2 (]: SQL status: SUCCESS 1 in 0.235 seconds
[0m09:43:26.217465 [debug] [Thread-2 (]: Sending event: {'category': 'dbt', 'action': 'run_model', 'label': '4ebf7e45-03bf-4574-adce-d620114eb3c4', 'context': [<snowplow_tracker.self_describing_json.SelfDescribingJson object at 0x10b662510>]}
[0m09:43:26.218002 [info ] [Thread-2 (]: 4 of 9 OK created sql view model RAWLAYER.nation ............................... [[32mSUCCESS 1[0m in 0.25s]
[0m09:43:26.218398 [debug] [Thread-2 (]: Finished running node model.dbt_learn_repository.nation
[0m09:43:26.218658 [debug] [Thread-2 (]: Began running node model.dbt_learn_repository.order
[0m09:43:26.219024 [info ] [Thread-2 (]: 5 of 9 START sql view model RAWLAYER.order ..................................... [RUN]
[0m09:43:26.219335 [debug] [Thread-2 (]: Re-using an available connection from the pool (formerly model.dbt_learn_repository.nation, now model.dbt_learn_repository.order)
[0m09:43:26.219551 [debug] [Thread-2 (]: Began compiling node model.dbt_learn_repository.order
[0m09:43:26.221115 [debug] [Thread-2 (]: Writing injected SQL for node "model.dbt_learn_repository.order"
[0m09:43:26.221554 [debug] [Thread-2 (]: Began executing node model.dbt_learn_repository.order
[0m09:43:26.223284 [debug] [Thread-2 (]: Writing runtime sql for node "model.dbt_learn_repository.order"
[0m09:43:26.223773 [debug] [Thread-2 (]: Using snowflake connection "model.dbt_learn_repository.order"
[0m09:43:26.223967 [debug] [Thread-2 (]: On model.dbt_learn_repository.order: create or replace   view DBT_DEMO.RAWLAYER.order
  
  
  
  
  as (
    select *
from SNOWFLAKE_SAMPLE_DATA.TPCH_SF1.ORDERS
  )
/* {"app": "dbt", "dbt_version": "1.11.9", "profile_name": "dbt_learn_repository", "target_name": "dev", "node_id": "model.dbt_learn_repository.order"} */;
[0m09:43:26.324292 [debug] [Thread-2 (]: Snowflake adapter: Snowflake query id: 01c44c37-0001-9c5e-001c-065f000173ba
[0m09:43:26.325005 [debug] [Thread-2 (]: Snowflake adapter: Snowflake error: 001003 (42000): SQL compilation error:
syntax error line 1 at position 42 unexpected '.'.
[0m09:43:26.328893 [debug] [Thread-2 (]: Database Error in model order (models/example/order.sql)
  001003 (42000): SQL compilation error:
  syntax error line 1 at position 42 unexpected '.'.
  compiled code at target/run/dbt_learn_repository/models/example/order.sql
[0m09:43:26.329540 [debug] [Thread-2 (]: Sending event: {'category': 'dbt', 'action': 'run_model', 'label': '4ebf7e45-03bf-4574-adce-d620114eb3c4', 'context': [<snowplow_tracker.self_describing_json.SelfDescribingJson object at 0x10b7025d0>]}
[0m09:43:26.330246 [error] [Thread-2 (]: 5 of 9 ERROR creating sql view model RAWLAYER.order ............................ [[31mERROR[0m in 0.11s]
[0m09:43:26.330750 [debug] [Thread-2 (]: Finished running node model.dbt_learn_repository.order
[0m09:43:26.331073 [debug] [Thread-2 (]: Began running node model.dbt_learn_repository.region
[0m09:43:26.331500 [debug] [Thread-5 (]: Marking all children of 'model.dbt_learn_repository.order' to be skipped because of status 'error'.  Reason: Database Error in model order (models/example/order.sql)
  001003 (42000): SQL compilation error:
  syntax error line 1 at position 42 unexpected '.'.
  compiled code at target/run/dbt_learn_repository/models/example/order.sql.
[0m09:43:26.331929 [info ] [Thread-2 (]: 6 of 9 START sql view model RAWLAYER.region .................................... [RUN]
[0m09:43:26.332490 [debug] [Thread-2 (]: Re-using an available connection from the pool (formerly model.dbt_learn_repository.order, now model.dbt_learn_repository.region)
[0m09:43:26.332783 [debug] [Thread-2 (]: Began compiling node model.dbt_learn_repository.region
[0m09:43:26.338571 [debug] [Thread-2 (]: Writing injected SQL for node "model.dbt_learn_repository.region"
[0m09:43:26.339864 [debug] [Thread-2 (]: Began executing node model.dbt_learn_repository.region
[0m09:43:26.342436 [debug] [Thread-2 (]: Writing runtime sql for node "model.dbt_learn_repository.region"
[0m09:43:26.343185 [debug] [Thread-2 (]: Using snowflake connection "model.dbt_learn_repository.region"
[0m09:43:26.343467 [debug] [Thread-2 (]: On model.dbt_learn_repository.region: create or replace   view DBT_DEMO.RAWLAYER.region
  
  
  
  
  as (
    select *
from SNOWFLAKE_SAMPLE_DATA.TPCH_SF1.REGION
  )
/* {"app": "dbt", "dbt_version": "1.11.9", "profile_name": "dbt_learn_repository", "target_name": "dev", "node_id": "model.dbt_learn_repository.region"} */;
[0m09:43:26.529472 [debug] [Thread-2 (]: SQL status: SUCCESS 1 in 0.185 seconds
[0m09:43:26.533655 [debug] [Thread-2 (]: Sending event: {'category': 'dbt', 'action': 'run_model', 'label': '4ebf7e45-03bf-4574-adce-d620114eb3c4', 'context': [<snowplow_tracker.self_describing_json.SelfDescribingJson object at 0x10b6da1e0>]}
[0m09:43:26.534452 [info ] [Thread-2 (]: 6 of 9 OK created sql view model RAWLAYER.region ............................... [[32mSUCCESS 1[0m in 0.20s]
[0m09:43:26.534998 [debug] [Thread-2 (]: Finished running node model.dbt_learn_repository.region
[0m09:43:26.535376 [debug] [Thread-2 (]: Began running node model.dbt_learn_repository.remote_model
[0m09:43:26.535926 [info ] [Thread-2 (]: 7 of 9 START sql view model RAWLAYER.remote_model .............................. [RUN]
[0m09:43:26.536413 [debug] [Thread-2 (]: Re-using an available connection from the pool (formerly model.dbt_learn_repository.region, now model.dbt_learn_repository.remote_model)
[0m09:43:26.536767 [debug] [Thread-2 (]: Began compiling node model.dbt_learn_repository.remote_model
[0m09:43:26.539621 [debug] [Thread-2 (]: Writing injected SQL for node "model.dbt_learn_repository.remote_model"
[0m09:43:26.540505 [debug] [Thread-2 (]: Began executing node model.dbt_learn_repository.remote_model
[0m09:43:26.543264 [debug] [Thread-2 (]: Writing runtime sql for node "model.dbt_learn_repository.remote_model"
[0m09:43:26.544664 [debug] [Thread-2 (]: Using snowflake connection "model.dbt_learn_repository.remote_model"
[0m09:43:26.545136 [debug] [Thread-2 (]: On model.dbt_learn_repository.remote_model: create or replace   view DBT_DEMO.RAWLAYER.remote_model
  
  
  
  
  as (
    select "hello from github" as message
  )
/* {"app": "dbt", "dbt_version": "1.11.9", "profile_name": "dbt_learn_repository", "target_name": "dev", "node_id": "model.dbt_learn_repository.remote_model"} */;
[0m09:43:26.617736 [debug] [Thread-2 (]: Snowflake adapter: Snowflake query id: 01c44c37-0001-9feb-001c-065f000252c2
[0m09:43:26.618762 [debug] [Thread-2 (]: Snowflake adapter: Snowflake error: 000904 (42000): SQL compilation error: error line 7 at position 11
invalid identifier '"hello from github"'
[0m09:43:26.624130 [debug] [Thread-2 (]: Database Error in model remote_model (models/example/remote_model.sql)
  000904 (42000): SQL compilation error: error line 7 at position 11
  invalid identifier '"hello from github"'
  compiled code at target/run/dbt_learn_repository/models/example/remote_model.sql
[0m09:43:26.624620 [debug] [Thread-2 (]: Sending event: {'category': 'dbt', 'action': 'run_model', 'label': '4ebf7e45-03bf-4574-adce-d620114eb3c4', 'context': [<snowplow_tracker.self_describing_json.SelfDescribingJson object at 0x10b565520>]}
[0m09:43:26.625169 [error] [Thread-2 (]: 7 of 9 ERROR creating sql view model RAWLAYER.remote_model ..................... [[31mERROR[0m in 0.09s]
[0m09:43:26.625633 [debug] [Thread-2 (]: Finished running node model.dbt_learn_repository.remote_model
[0m09:43:26.625933 [debug] [Thread-2 (]: Began running node model.dbt_learn_repository.supplier
[0m09:43:26.626308 [debug] [Thread-5 (]: Marking all children of 'model.dbt_learn_repository.remote_model' to be skipped because of status 'error'.  Reason: Database Error in model remote_model (models/example/remote_model.sql)
  000904 (42000): SQL compilation error: error line 7 at position 11
  invalid identifier '"hello from github"'
  compiled code at target/run/dbt_learn_repository/models/example/remote_model.sql.
[0m09:43:26.626663 [info ] [Thread-2 (]: 8 of 9 START sql view model RAWLAYER.supplier .................................. [RUN]
[0m09:43:26.627085 [debug] [Thread-2 (]: Re-using an available connection from the pool (formerly model.dbt_learn_repository.remote_model, now model.dbt_learn_repository.supplier)
[0m09:43:26.627365 [debug] [Thread-2 (]: Began compiling node model.dbt_learn_repository.supplier
[0m09:43:26.629003 [debug] [Thread-2 (]: Writing injected SQL for node "model.dbt_learn_repository.supplier"
[0m09:43:26.629503 [debug] [Thread-2 (]: Began executing node model.dbt_learn_repository.supplier
[0m09:43:26.631491 [debug] [Thread-2 (]: Writing runtime sql for node "model.dbt_learn_repository.supplier"
[0m09:43:26.632083 [debug] [Thread-2 (]: Using snowflake connection "model.dbt_learn_repository.supplier"
[0m09:43:26.632308 [debug] [Thread-2 (]: On model.dbt_learn_repository.supplier: create or replace   view DBT_DEMO.RAWLAYER.supplier
  
  
  
  
  as (
    select *
from SNOWFLAKE_SAMPLE_DATA.TPCH_SF1.SUPPLIER
  )
/* {"app": "dbt", "dbt_version": "1.11.9", "profile_name": "dbt_learn_repository", "target_name": "dev", "node_id": "model.dbt_learn_repository.supplier"} */;
[0m09:43:26.919562 [debug] [Thread-2 (]: SQL status: SUCCESS 1 in 0.287 seconds
[0m09:43:26.925000 [debug] [Thread-2 (]: Sending event: {'category': 'dbt', 'action': 'run_model', 'label': '4ebf7e45-03bf-4574-adce-d620114eb3c4', 'context': [<snowplow_tracker.self_describing_json.SelfDescribingJson object at 0x10b4f37a0>]}
[0m09:43:26.926419 [info ] [Thread-2 (]: 8 of 9 OK created sql view model RAWLAYER.supplier ............................. [[32mSUCCESS 1[0m in 0.30s]
[0m09:43:26.927487 [debug] [Thread-2 (]: Finished running node model.dbt_learn_repository.supplier
[0m09:43:26.928210 [debug] [Thread-2 (]: Began running node model.dbt_learn_repository.my_second_dbt_model
[0m09:43:26.929095 [info ] [Thread-2 (]: 9 of 9 START sql view model RAWLAYER.my_second_dbt_model ....................... [RUN]
[0m09:43:26.929669 [debug] [Thread-2 (]: Re-using an available connection from the pool (formerly model.dbt_learn_repository.supplier, now model.dbt_learn_repository.my_second_dbt_model)
[0m09:43:26.930094 [debug] [Thread-2 (]: Began compiling node model.dbt_learn_repository.my_second_dbt_model
[0m09:43:26.934762 [debug] [Thread-2 (]: Writing injected SQL for node "model.dbt_learn_repository.my_second_dbt_model"
[0m09:43:26.935886 [debug] [Thread-2 (]: Began executing node model.dbt_learn_repository.my_second_dbt_model
[0m09:43:26.939576 [debug] [Thread-2 (]: Writing runtime sql for node "model.dbt_learn_repository.my_second_dbt_model"
[0m09:43:26.940536 [debug] [Thread-2 (]: Using snowflake connection "model.dbt_learn_repository.my_second_dbt_model"
[0m09:43:26.940864 [debug] [Thread-2 (]: On model.dbt_learn_repository.my_second_dbt_model: create or replace   view DBT_DEMO.RAWLAYER.my_second_dbt_model
  
  
  
  
  as (
    -- Use the `ref` function to select from other models

select *
from DBT_DEMO.RAWLAYER.my_first_dbt_model
where id = 1
  )
/* {"app": "dbt", "dbt_version": "1.11.9", "profile_name": "dbt_learn_repository", "target_name": "dev", "node_id": "model.dbt_learn_repository.my_second_dbt_model"} */;
[0m09:43:27.311128 [debug] [Thread-2 (]: SQL status: SUCCESS 1 in 0.370 seconds
[0m09:43:27.316760 [debug] [Thread-2 (]: Sending event: {'category': 'dbt', 'action': 'run_model', 'label': '4ebf7e45-03bf-4574-adce-d620114eb3c4', 'context': [<snowplow_tracker.self_describing_json.SelfDescribingJson object at 0x10b6d01d0>]}
[0m09:43:27.317419 [info ] [Thread-2 (]: 9 of 9 OK created sql view model RAWLAYER.my_second_dbt_model .................. [[32mSUCCESS 1[0m in 0.39s]
[0m09:43:27.317830 [debug] [Thread-2 (]: Finished running node model.dbt_learn_repository.my_second_dbt_model
[0m09:43:27.318841 [debug] [MainThread]: Connection 'master' was properly closed.
[0m09:43:27.319078 [debug] [MainThread]: Connection 'model.dbt_learn_repository.my_second_dbt_model' was left open.
[0m09:43:27.319275 [debug] [MainThread]: On model.dbt_learn_repository.my_second_dbt_model: Close
[0m09:43:27.385784 [info ] [MainThread]: 
[0m09:43:27.386154 [info ] [MainThread]: Finished running 1 table model, 8 view models in 0 hours 0 minutes and 4.53 seconds (4.53s).
[0m09:43:27.387417 [debug] [MainThread]: Command end result
[0m09:43:27.408329 [debug] [MainThread]: Wrote artifact WritableManifest to /Users/srujan/dbt_learn/dbt_learn_repository/target/manifest.json
[0m09:43:27.409264 [debug] [MainThread]: Wrote artifact SemanticManifest to /Users/srujan/dbt_learn/dbt_learn_repository/target/semantic_manifest.json
[0m09:43:27.412369 [debug] [MainThread]: Wrote artifact RunExecutionResult to /Users/srujan/dbt_learn/dbt_learn_repository/target/run_results.json
[0m09:43:27.412514 [info ] [MainThread]: 
[0m09:43:27.412682 [info ] [MainThread]: [31mCompleted with 3 errors, 0 partial successes, and 0 warnings:[0m
[0m09:43:27.412820 [info ] [MainThread]: 
[0m09:43:27.412984 [error] [MainThread]: [31mFailure in model my_test_model (models/example/my_test_model.sql)[0m
[0m09:43:27.413141 [error] [MainThread]:   Database Error in model my_test_model (models/example/my_test_model.sql)
  000904 (42000): SQL compilation error: error line 7 at position 11
  invalid identifier '"hello from VS code"'
  compiled code at target/run/dbt_learn_repository/models/example/my_test_model.sql
[0m09:43:27.413258 [info ] [MainThread]: 
[0m09:43:27.413400 [info ] [MainThread]:   compiled code at target/compiled/dbt_learn_repository/models/example/my_test_model.sql
[0m09:43:27.413519 [info ] [MainThread]: 
[0m09:43:27.413658 [error] [MainThread]: [31mFailure in model order (models/example/order.sql)[0m
[0m09:43:27.413806 [error] [MainThread]:   Database Error in model order (models/example/order.sql)
  001003 (42000): SQL compilation error:
  syntax error line 1 at position 42 unexpected '.'.
  compiled code at target/run/dbt_learn_repository/models/example/order.sql
[0m09:43:27.413920 [info ] [MainThread]: 
[0m09:43:27.414055 [info ] [MainThread]:   compiled code at target/compiled/dbt_learn_repository/models/example/order.sql
[0m09:43:27.414169 [info ] [MainThread]: 
[0m09:43:27.414310 [error] [MainThread]: [31mFailure in model remote_model (models/example/remote_model.sql)[0m
[0m09:43:27.414452 [error] [MainThread]:   Database Error in model remote_model (models/example/remote_model.sql)
  000904 (42000): SQL compilation error: error line 7 at position 11
  invalid identifier '"hello from github"'
  compiled code at target/run/dbt_learn_repository/models/example/remote_model.sql
[0m09:43:27.414562 [info ] [MainThread]: 
[0m09:43:27.414698 [info ] [MainThread]:   compiled code at target/compiled/dbt_learn_repository/models/example/remote_model.sql
[0m09:43:27.414812 [info ] [MainThread]: 
[0m09:43:27.414943 [info ] [MainThread]: Done. PASS=6 WARN=0 ERROR=3 SKIP=0 NO-OP=0 TOTAL=9
[0m09:43:27.417174 [debug] [MainThread]: Resource report: {"command_name": "run", "command_success": false, "command_wall_clock_time": 5.45077, "process_in_blocks": "0", "process_kernel_time": 0.217428, "process_mem_max_rss": "171098112", "process_out_blocks": "0", "process_user_time": 1.498952}
[0m09:43:27.417421 [debug] [MainThread]: Command `dbt run` failed at 09:43:27.417374 after 5.45 seconds
[0m09:43:27.417598 [debug] [MainThread]: Sending event: {'category': 'dbt', 'action': 'invocation', 'label': 'end', 'context': [<snowplow_tracker.self_describing_json.SelfDescribingJson object at 0x107fa7440>, <snowplow_tracker.self_describing_json.SelfDescribingJson object at 0x10a466ab0>, <snowplow_tracker.self_describing_json.SelfDescribingJson object at 0x1071f3470>]}
[0m09:43:27.417758 [debug] [MainThread]: Flushing usage events
[0m09:43:27.503173 [debug] [MainThread]: An error was encountered while trying to flush usage events
[0m09:44:53.029532 [debug] [MainThread]: Sending event: {'category': 'dbt', 'action': 'invocation', 'label': 'start', 'context': [<snowplow_tracker.self_describing_json.SelfDescribingJson object at 0x108911400>, <snowplow_tracker.self_describing_json.SelfDescribingJson object at 0x1092ff5f0>, <snowplow_tracker.self_describing_json.SelfDescribingJson object at 0x109d00470>]}


============================== 09:44:53.032035 | 84aeeab8-3292-49e1-9594-e0a8a7ee68ff ==============================
[0m09:44:53.032035 [info ] [MainThread]: Running with dbt=1.11.9
[0m09:44:53.032287 [debug] [MainThread]: running dbt with arguments {'warn_error': 'None', 'empty': 'False', 'cache_selected_only': 'False', 'indirect_selection': 'eager', 'quiet': 'False', 'invocation_command': 'dbt run --target dev', 'printer_width': '80', 'write_json': 'True', 'log_path': '/Users/srujan/dbt_learn/dbt_learn_repository/logs', 'target_path': 'None', 'static_parser': 'True', 'debug': 'False', 'profiles_dir': '/Users/srujan/.dbt', 'log_cache_events': 'False', 'partial_parse': 'True', 'log_format': 'default', 'send_anonymous_usage_stats': 'True', 'use_experimental_parser': 'False', 'use_colors': 'True', 'fail_fast': 'False', 'warn_error_options': 'WarnErrorOptionsV2(error=[], warn=[], silence=[])', 'introspect': 'True', 'version_check': 'True', 'no_print': 'None'}
[0m09:44:53.215767 [debug] [MainThread]: Snowflake adapter: Setting snowflake.connector to ERROR (file logging only)
[0m09:44:53.216001 [debug] [MainThread]: Snowflake adapter: Setting botocore to ERROR (file logging only)
[0m09:44:53.216116 [debug] [MainThread]: Snowflake adapter: Setting boto3 to ERROR (file logging only)
[0m09:44:53.300719 [debug] [MainThread]: Sending event: {'category': 'dbt', 'action': 'project_id', 'label': '84aeeab8-3292-49e1-9594-e0a8a7ee68ff', 'context': [<snowplow_tracker.self_describing_json.SelfDescribingJson object at 0x109baee10>]}
[0m09:44:53.320223 [debug] [MainThread]: Sending event: {'category': 'dbt', 'action': 'adapter_info', 'label': '84aeeab8-3292-49e1-9594-e0a8a7ee68ff', 'context': [<snowplow_tracker.self_describing_json.SelfDescribingJson object at 0x10a5f4ec0>]}
[0m09:44:53.320730 [info ] [MainThread]: Registered adapter: snowflake=1.11.4
[0m09:44:53.370946 [debug] [MainThread]: checksum: a2a6c3ad70d97238cd4662b1abb61bcb7b07a15f9f2431ec5bf3dbb2eaaa5bac, vars: {}, profile: , target: dev, version: 1.11.9
[0m09:44:53.441130 [debug] [MainThread]: Partial parsing enabled: 1 files deleted, 1 files added, 0 files changed.
[0m09:44:53.441357 [debug] [MainThread]: Partial parsing: added file: dbt_learn_repository://models/example/orders.sql
[0m09:44:53.441462 [debug] [MainThread]: Partial parsing: deleted file: dbt_learn_repository://models/example/order.sql
[0m09:44:53.528831 [debug] [MainThread]: Sending event: {'category': 'dbt', 'action': 'load_project', 'label': '84aeeab8-3292-49e1-9594-e0a8a7ee68ff', 'context': [<snowplow_tracker.self_describing_json.SelfDescribingJson object at 0x10e1e5a30>]}
[0m09:44:53.555861 [debug] [MainThread]: Wrote artifact WritableManifest to /Users/srujan/dbt_learn/dbt_learn_repository/target/manifest.json
[0m09:44:53.557106 [debug] [MainThread]: Wrote artifact SemanticManifest to /Users/srujan/dbt_learn/dbt_learn_repository/target/semantic_manifest.json
[0m09:44:53.562575 [debug] [MainThread]: Sending event: {'category': 'dbt', 'action': 'resource_counts', 'label': '84aeeab8-3292-49e1-9594-e0a8a7ee68ff', 'context': [<snowplow_tracker.self_describing_json.SelfDescribingJson object at 0x10e1e0680>]}
[0m09:44:53.562764 [info ] [MainThread]: Found 9 models, 4 data tests, 525 macros
[0m09:44:53.562881 [debug] [MainThread]: Sending event: {'category': 'dbt', 'action': 'runnable_timing', 'label': '84aeeab8-3292-49e1-9594-e0a8a7ee68ff', 'context': [<snowplow_tracker.self_describing_json.SelfDescribingJson object at 0x10e190560>]}
[0m09:44:53.563686 [info ] [MainThread]: 
[0m09:44:53.563807 [info ] [MainThread]: Concurrency: 1 threads (target='dev')
[0m09:44:53.563894 [info ] [MainThread]: 
[0m09:44:53.564067 [debug] [MainThread]: Acquiring new snowflake connection 'master'
[0m09:44:53.565777 [debug] [ThreadPool]: Acquiring new snowflake connection 'list_DBT_DEMO'
[0m09:44:53.592540 [debug] [ThreadPool]: Using snowflake connection "list_DBT_DEMO"
[0m09:44:53.592726 [debug] [ThreadPool]: On list_DBT_DEMO: show terse schemas in database DBT_DEMO
    limit 10000
/* {"app": "dbt", "dbt_version": "1.11.9", "profile_name": "dbt_learn_repository", "target_name": "dev", "connection_name": "list_DBT_DEMO"} */
[0m09:44:53.592829 [debug] [ThreadPool]: Opening a new connection, currently in state init
[0m09:44:56.155580 [debug] [ThreadPool]: SQL status: SUCCESS 3 in 2.562 seconds
[0m09:44:56.160089 [debug] [ThreadPool]: Re-using an available connection from the pool (formerly list_DBT_DEMO, now list_DBT_DEMO_RAWLAYER)
[0m09:44:56.172393 [debug] [ThreadPool]: Using snowflake connection "list_DBT_DEMO_RAWLAYER"
[0m09:44:56.172770 [debug] [ThreadPool]: On list_DBT_DEMO_RAWLAYER: show objects in DBT_DEMO.RAWLAYER
    limit 10000
    

/* {"app": "dbt", "dbt_version": "1.11.9", "profile_name": "dbt_learn_repository", "target_name": "dev", "connection_name": "list_DBT_DEMO_RAWLAYER"} */;
[0m09:44:56.582527 [debug] [ThreadPool]: SQL status: SUCCESS 6 in 0.409 seconds
[0m09:44:56.588403 [debug] [MainThread]: Sending event: {'category': 'dbt', 'action': 'runnable_timing', 'label': '84aeeab8-3292-49e1-9594-e0a8a7ee68ff', 'context': [<snowplow_tracker.self_describing_json.SelfDescribingJson object at 0x1066d9640>]}
[0m09:44:56.592153 [debug] [Thread-2 (]: Began running node model.dbt_learn_repository.customer
[0m09:44:56.592621 [info ] [Thread-2 (]: 1 of 9 START sql view model RAWLAYER.customer .................................. [RUN]
[0m09:44:56.592975 [debug] [Thread-2 (]: Re-using an available connection from the pool (formerly list_DBT_DEMO_RAWLAYER, now model.dbt_learn_repository.customer)
[0m09:44:56.593237 [debug] [Thread-2 (]: Began compiling node model.dbt_learn_repository.customer
[0m09:44:56.598578 [debug] [Thread-2 (]: Writing injected SQL for node "model.dbt_learn_repository.customer"
[0m09:44:56.599454 [debug] [Thread-2 (]: Began executing node model.dbt_learn_repository.customer
[0m09:44:56.618440 [debug] [Thread-2 (]: Writing runtime sql for node "model.dbt_learn_repository.customer"
[0m09:44:56.619042 [debug] [Thread-2 (]: Using snowflake connection "model.dbt_learn_repository.customer"
[0m09:44:56.619214 [debug] [Thread-2 (]: On model.dbt_learn_repository.customer: create or replace   view DBT_DEMO.RAWLAYER.customer
  
  
  
  
  as (
    select *
from SNOWFLAKE_SAMPLE_DATA.TPCH_SF1.CUSTOMER
  )
/* {"app": "dbt", "dbt_version": "1.11.9", "profile_name": "dbt_learn_repository", "target_name": "dev", "node_id": "model.dbt_learn_repository.customer"} */;
[0m09:44:57.183613 [debug] [Thread-2 (]: SQL status: SUCCESS 1 in 0.564 seconds
[0m09:44:57.216480 [debug] [Thread-2 (]: Sending event: {'category': 'dbt', 'action': 'run_model', 'label': '84aeeab8-3292-49e1-9594-e0a8a7ee68ff', 'context': [<snowplow_tracker.self_describing_json.SelfDescribingJson object at 0x10e6b90a0>]}
[0m09:44:57.217028 [info ] [Thread-2 (]: 1 of 9 OK created sql view model RAWLAYER.customer ............................. [[32mSUCCESS 1[0m in 0.62s]
[0m09:44:57.217438 [debug] [Thread-2 (]: Finished running node model.dbt_learn_repository.customer
[0m09:44:57.217715 [debug] [Thread-2 (]: Began running node model.dbt_learn_repository.my_first_dbt_model
[0m09:44:57.218087 [info ] [Thread-2 (]: 2 of 9 START sql table model RAWLAYER.my_first_dbt_model ....................... [RUN]
[0m09:44:57.218401 [debug] [Thread-2 (]: Re-using an available connection from the pool (formerly model.dbt_learn_repository.customer, now model.dbt_learn_repository.my_first_dbt_model)
[0m09:44:57.218624 [debug] [Thread-2 (]: Began compiling node model.dbt_learn_repository.my_first_dbt_model
[0m09:44:57.220804 [debug] [Thread-2 (]: Writing injected SQL for node "model.dbt_learn_repository.my_first_dbt_model"
[0m09:44:57.221247 [debug] [Thread-2 (]: Began executing node model.dbt_learn_repository.my_first_dbt_model
[0m09:44:57.235688 [debug] [Thread-2 (]: Writing runtime sql for node "model.dbt_learn_repository.my_first_dbt_model"
[0m09:44:57.236300 [debug] [Thread-2 (]: Using snowflake connection "model.dbt_learn_repository.my_first_dbt_model"
[0m09:44:57.236479 [debug] [Thread-2 (]: On model.dbt_learn_repository.my_first_dbt_model: create or replace transient table DBT_DEMO.RAWLAYER.my_first_dbt_model
    
    
    
    as (/*
    Welcome to your first dbt model!
    Did you know that you can also configure models directly within SQL files?
    This will override configurations stated in dbt_project.yml

    Try changing "table" to "view" below
*/



with source_data as (

    select 1 as id
    union all
    select null as id

)

select *
from source_data

/*
    Uncomment the line below to remove records with null `id` values
*/

-- where id is not null
    )

/* {"app": "dbt", "dbt_version": "1.11.9", "profile_name": "dbt_learn_repository", "target_name": "dev", "node_id": "model.dbt_learn_repository.my_first_dbt_model"} */;
[0m09:44:58.449583 [debug] [Thread-2 (]: SQL status: SUCCESS 2 in 1.212 seconds
[0m09:44:58.454455 [debug] [Thread-2 (]: Sending event: {'category': 'dbt', 'action': 'run_model', 'label': '84aeeab8-3292-49e1-9594-e0a8a7ee68ff', 'context': [<snowplow_tracker.self_describing_json.SelfDescribingJson object at 0x10e6bb470>]}
[0m09:44:58.455198 [info ] [Thread-2 (]: 2 of 9 OK created sql table model RAWLAYER.my_first_dbt_model .................. [[32mSUCCESS 2[0m in 1.24s]
[0m09:44:58.455934 [debug] [Thread-2 (]: Finished running node model.dbt_learn_repository.my_first_dbt_model
[0m09:44:58.456481 [debug] [Thread-2 (]: Began running node model.dbt_learn_repository.my_test_model
[0m09:44:58.457075 [info ] [Thread-2 (]: 3 of 9 START sql view model RAWLAYER.my_test_model ............................. [RUN]
[0m09:44:58.457703 [debug] [Thread-2 (]: Re-using an available connection from the pool (formerly model.dbt_learn_repository.my_first_dbt_model, now model.dbt_learn_repository.my_test_model)
[0m09:44:58.458025 [debug] [Thread-2 (]: Began compiling node model.dbt_learn_repository.my_test_model
[0m09:44:58.460135 [debug] [Thread-2 (]: Writing injected SQL for node "model.dbt_learn_repository.my_test_model"
[0m09:44:58.460888 [debug] [Thread-2 (]: Began executing node model.dbt_learn_repository.my_test_model
[0m09:44:58.463568 [debug] [Thread-2 (]: Writing runtime sql for node "model.dbt_learn_repository.my_test_model"
[0m09:44:58.464338 [debug] [Thread-2 (]: Using snowflake connection "model.dbt_learn_repository.my_test_model"
[0m09:44:58.464576 [debug] [Thread-2 (]: On model.dbt_learn_repository.my_test_model: create or replace   view DBT_DEMO.RAWLAYER.my_test_model
  
  
  
  
  as (
    select "hello from VS code" as message
  )
/* {"app": "dbt", "dbt_version": "1.11.9", "profile_name": "dbt_learn_repository", "target_name": "dev", "node_id": "model.dbt_learn_repository.my_test_model"} */;
[0m09:44:58.609014 [debug] [Thread-2 (]: Snowflake adapter: Snowflake query id: 01c44c38-0001-9feb-001c-065f0002534e
[0m09:44:58.609210 [debug] [Thread-2 (]: Snowflake adapter: Snowflake error: 000904 (42000): SQL compilation error: error line 7 at position 11
invalid identifier '"hello from VS code"'
[0m09:44:58.611929 [debug] [Thread-2 (]: Database Error in model my_test_model (models/example/my_test_model.sql)
  000904 (42000): SQL compilation error: error line 7 at position 11
  invalid identifier '"hello from VS code"'
  compiled code at target/run/dbt_learn_repository/models/example/my_test_model.sql
[0m09:44:58.612301 [debug] [Thread-2 (]: Sending event: {'category': 'dbt', 'action': 'run_model', 'label': '84aeeab8-3292-49e1-9594-e0a8a7ee68ff', 'context': [<snowplow_tracker.self_describing_json.SelfDescribingJson object at 0x10e6453d0>]}
[0m09:44:58.612706 [error] [Thread-2 (]: 3 of 9 ERROR creating sql view model RAWLAYER.my_test_model .................... [[31mERROR[0m in 0.15s]
[0m09:44:58.613013 [debug] [Thread-2 (]: Finished running node model.dbt_learn_repository.my_test_model
[0m09:44:58.613152 [debug] [Thread-2 (]: Began running node model.dbt_learn_repository.nation
[0m09:44:58.613320 [debug] [Thread-5 (]: Marking all children of 'model.dbt_learn_repository.my_test_model' to be skipped because of status 'error'.  Reason: Database Error in model my_test_model (models/example/my_test_model.sql)
  000904 (42000): SQL compilation error: error line 7 at position 11
  invalid identifier '"hello from VS code"'
  compiled code at target/run/dbt_learn_repository/models/example/my_test_model.sql.
[0m09:44:58.613485 [info ] [Thread-2 (]: 4 of 9 START sql view model RAWLAYER.nation .................................... [RUN]
[0m09:44:58.614232 [debug] [Thread-2 (]: Re-using an available connection from the pool (formerly model.dbt_learn_repository.my_test_model, now model.dbt_learn_repository.nation)
[0m09:44:58.614467 [debug] [Thread-2 (]: Began compiling node model.dbt_learn_repository.nation
[0m09:44:58.615891 [debug] [Thread-2 (]: Writing injected SQL for node "model.dbt_learn_repository.nation"
[0m09:44:58.616322 [debug] [Thread-2 (]: Began executing node model.dbt_learn_repository.nation
[0m09:44:58.617594 [debug] [Thread-2 (]: Writing runtime sql for node "model.dbt_learn_repository.nation"
[0m09:44:58.618050 [debug] [Thread-2 (]: Using snowflake connection "model.dbt_learn_repository.nation"
[0m09:44:58.618172 [debug] [Thread-2 (]: On model.dbt_learn_repository.nation: create or replace   view DBT_DEMO.RAWLAYER.nation
  
  
  
  
  as (
    select *
from SNOWFLAKE_SAMPLE_DATA.TPCH_SF1.NATION
  )
/* {"app": "dbt", "dbt_version": "1.11.9", "profile_name": "dbt_learn_repository", "target_name": "dev", "node_id": "model.dbt_learn_repository.nation"} */;
[0m09:44:58.883846 [debug] [Thread-2 (]: SQL status: SUCCESS 1 in 0.265 seconds
[0m09:44:58.887328 [debug] [Thread-2 (]: Sending event: {'category': 'dbt', 'action': 'run_model', 'label': '84aeeab8-3292-49e1-9594-e0a8a7ee68ff', 'context': [<snowplow_tracker.self_describing_json.SelfDescribingJson object at 0x118addd30>]}
[0m09:44:58.888102 [info ] [Thread-2 (]: 4 of 9 OK created sql view model RAWLAYER.nation ............................... [[32mSUCCESS 1[0m in 0.27s]
[0m09:44:58.888592 [debug] [Thread-2 (]: Finished running node model.dbt_learn_repository.nation
[0m09:44:58.888939 [debug] [Thread-2 (]: Began running node model.dbt_learn_repository.orders
[0m09:44:58.889434 [info ] [Thread-2 (]: 5 of 9 START sql view model RAWLAYER.orders .................................... [RUN]
[0m09:44:58.889912 [debug] [Thread-2 (]: Re-using an available connection from the pool (formerly model.dbt_learn_repository.nation, now model.dbt_learn_repository.orders)
[0m09:44:58.890219 [debug] [Thread-2 (]: Began compiling node model.dbt_learn_repository.orders
[0m09:44:58.894884 [debug] [Thread-2 (]: Writing injected SQL for node "model.dbt_learn_repository.orders"
[0m09:44:58.895980 [debug] [Thread-2 (]: Began executing node model.dbt_learn_repository.orders
[0m09:44:58.898978 [debug] [Thread-2 (]: Writing runtime sql for node "model.dbt_learn_repository.orders"
[0m09:44:58.900093 [debug] [Thread-2 (]: Using snowflake connection "model.dbt_learn_repository.orders"
[0m09:44:58.900414 [debug] [Thread-2 (]: On model.dbt_learn_repository.orders: create or replace   view DBT_DEMO.RAWLAYER.orders
  
  
  
  
  as (
    select *
from SNOWFLAKE_SAMPLE_DATA.TPCH_SF1.ORDERS
  )
/* {"app": "dbt", "dbt_version": "1.11.9", "profile_name": "dbt_learn_repository", "target_name": "dev", "node_id": "model.dbt_learn_repository.orders"} */;
[0m09:44:59.205234 [debug] [Thread-2 (]: SQL status: SUCCESS 1 in 0.304 seconds
[0m09:44:59.210256 [debug] [Thread-2 (]: Sending event: {'category': 'dbt', 'action': 'run_model', 'label': '84aeeab8-3292-49e1-9594-e0a8a7ee68ff', 'context': [<snowplow_tracker.self_describing_json.SelfDescribingJson object at 0x118a98c20>]}
[0m09:44:59.211607 [info ] [Thread-2 (]: 5 of 9 OK created sql view model RAWLAYER.orders ............................... [[32mSUCCESS 1[0m in 0.32s]
[0m09:44:59.212429 [debug] [Thread-2 (]: Finished running node model.dbt_learn_repository.orders
[0m09:44:59.212716 [debug] [Thread-2 (]: Began running node model.dbt_learn_repository.region
[0m09:44:59.213077 [info ] [Thread-2 (]: 6 of 9 START sql view model RAWLAYER.region .................................... [RUN]
[0m09:44:59.213406 [debug] [Thread-2 (]: Re-using an available connection from the pool (formerly model.dbt_learn_repository.orders, now model.dbt_learn_repository.region)
[0m09:44:59.213631 [debug] [Thread-2 (]: Began compiling node model.dbt_learn_repository.region
[0m09:44:59.215054 [debug] [Thread-2 (]: Writing injected SQL for node "model.dbt_learn_repository.region"
[0m09:44:59.215523 [debug] [Thread-2 (]: Began executing node model.dbt_learn_repository.region
[0m09:44:59.217254 [debug] [Thread-2 (]: Writing runtime sql for node "model.dbt_learn_repository.region"
[0m09:44:59.217759 [debug] [Thread-2 (]: Using snowflake connection "model.dbt_learn_repository.region"
[0m09:44:59.217949 [debug] [Thread-2 (]: On model.dbt_learn_repository.region: create or replace   view DBT_DEMO.RAWLAYER.region
  
  
  
  
  as (
    select *
from SNOWFLAKE_SAMPLE_DATA.TPCH_SF1.REGION
  )
/* {"app": "dbt", "dbt_version": "1.11.9", "profile_name": "dbt_learn_repository", "target_name": "dev", "node_id": "model.dbt_learn_repository.region"} */;
[0m09:44:59.527521 [debug] [Thread-2 (]: SQL status: SUCCESS 1 in 0.309 seconds
[0m09:44:59.532537 [debug] [Thread-2 (]: Sending event: {'category': 'dbt', 'action': 'run_model', 'label': '84aeeab8-3292-49e1-9594-e0a8a7ee68ff', 'context': [<snowplow_tracker.self_describing_json.SelfDescribingJson object at 0x118a9cb90>]}
[0m09:44:59.533045 [info ] [Thread-2 (]: 6 of 9 OK created sql view model RAWLAYER.region ............................... [[32mSUCCESS 1[0m in 0.32s]
[0m09:44:59.533415 [debug] [Thread-2 (]: Finished running node model.dbt_learn_repository.region
[0m09:44:59.533666 [debug] [Thread-2 (]: Began running node model.dbt_learn_repository.remote_model
[0m09:44:59.533944 [info ] [Thread-2 (]: 7 of 9 START sql view model RAWLAYER.remote_model .............................. [RUN]
[0m09:44:59.534288 [debug] [Thread-2 (]: Re-using an available connection from the pool (formerly model.dbt_learn_repository.region, now model.dbt_learn_repository.remote_model)
[0m09:44:59.534558 [debug] [Thread-2 (]: Began compiling node model.dbt_learn_repository.remote_model
[0m09:44:59.536166 [debug] [Thread-2 (]: Writing injected SQL for node "model.dbt_learn_repository.remote_model"
[0m09:44:59.537141 [debug] [Thread-2 (]: Began executing node model.dbt_learn_repository.remote_model
[0m09:44:59.539170 [debug] [Thread-2 (]: Writing runtime sql for node "model.dbt_learn_repository.remote_model"
[0m09:44:59.540074 [debug] [Thread-2 (]: Using snowflake connection "model.dbt_learn_repository.remote_model"
[0m09:44:59.540297 [debug] [Thread-2 (]: On model.dbt_learn_repository.remote_model: create or replace   view DBT_DEMO.RAWLAYER.remote_model
  
  
  
  
  as (
    select "hello from github" as message
  )
/* {"app": "dbt", "dbt_version": "1.11.9", "profile_name": "dbt_learn_repository", "target_name": "dev", "node_id": "model.dbt_learn_repository.remote_model"} */;
[0m09:44:59.672730 [debug] [Thread-2 (]: Snowflake adapter: Snowflake query id: 01c44c38-0001-9feb-001c-065f00025352
[0m09:44:59.673783 [debug] [Thread-2 (]: Snowflake adapter: Snowflake error: 000904 (42000): SQL compilation error: error line 7 at position 11
invalid identifier '"hello from github"'
[0m09:44:59.678835 [debug] [Thread-2 (]: Database Error in model remote_model (models/example/remote_model.sql)
  000904 (42000): SQL compilation error: error line 7 at position 11
  invalid identifier '"hello from github"'
  compiled code at target/run/dbt_learn_repository/models/example/remote_model.sql
[0m09:44:59.679331 [debug] [Thread-2 (]: Sending event: {'category': 'dbt', 'action': 'run_model', 'label': '84aeeab8-3292-49e1-9594-e0a8a7ee68ff', 'context': [<snowplow_tracker.self_describing_json.SelfDescribingJson object at 0x118adce60>]}
[0m09:44:59.679857 [error] [Thread-2 (]: 7 of 9 ERROR creating sql view model RAWLAYER.remote_model ..................... [[31mERROR[0m in 0.15s]
[0m09:44:59.680287 [debug] [Thread-2 (]: Finished running node model.dbt_learn_repository.remote_model
[0m09:44:59.680569 [debug] [Thread-2 (]: Began running node model.dbt_learn_repository.supplier
[0m09:44:59.680936 [debug] [Thread-5 (]: Marking all children of 'model.dbt_learn_repository.remote_model' to be skipped because of status 'error'.  Reason: Database Error in model remote_model (models/example/remote_model.sql)
  000904 (42000): SQL compilation error: error line 7 at position 11
  invalid identifier '"hello from github"'
  compiled code at target/run/dbt_learn_repository/models/example/remote_model.sql.
[0m09:44:59.681312 [info ] [Thread-2 (]: 8 of 9 START sql view model RAWLAYER.supplier .................................. [RUN]
[0m09:44:59.681762 [debug] [Thread-2 (]: Re-using an available connection from the pool (formerly model.dbt_learn_repository.remote_model, now model.dbt_learn_repository.supplier)
[0m09:44:59.682019 [debug] [Thread-2 (]: Began compiling node model.dbt_learn_repository.supplier
[0m09:44:59.683877 [debug] [Thread-2 (]: Writing injected SQL for node "model.dbt_learn_repository.supplier"
[0m09:44:59.684382 [debug] [Thread-2 (]: Began executing node model.dbt_learn_repository.supplier
[0m09:44:59.686305 [debug] [Thread-2 (]: Writing runtime sql for node "model.dbt_learn_repository.supplier"
[0m09:44:59.687112 [debug] [Thread-2 (]: Using snowflake connection "model.dbt_learn_repository.supplier"
[0m09:44:59.687404 [debug] [Thread-2 (]: On model.dbt_learn_repository.supplier: create or replace   view DBT_DEMO.RAWLAYER.supplier
  
  
  
  
  as (
    select *
from SNOWFLAKE_SAMPLE_DATA.TPCH_SF1.SUPPLIER
  )
/* {"app": "dbt", "dbt_version": "1.11.9", "profile_name": "dbt_learn_repository", "target_name": "dev", "node_id": "model.dbt_learn_repository.supplier"} */;
[0m09:44:59.964103 [debug] [Thread-2 (]: SQL status: SUCCESS 1 in 0.276 seconds
[0m09:44:59.968177 [debug] [Thread-2 (]: Sending event: {'category': 'dbt', 'action': 'run_model', 'label': '84aeeab8-3292-49e1-9594-e0a8a7ee68ff', 'context': [<snowplow_tracker.self_describing_json.SelfDescribingJson object at 0x118b743e0>]}
[0m09:44:59.968971 [info ] [Thread-2 (]: 8 of 9 OK created sql view model RAWLAYER.supplier ............................. [[32mSUCCESS 1[0m in 0.29s]
[0m09:44:59.969529 [debug] [Thread-2 (]: Finished running node model.dbt_learn_repository.supplier
[0m09:44:59.969911 [debug] [Thread-2 (]: Began running node model.dbt_learn_repository.my_second_dbt_model
[0m09:44:59.970447 [info ] [Thread-2 (]: 9 of 9 START sql view model RAWLAYER.my_second_dbt_model ....................... [RUN]
[0m09:44:59.970955 [debug] [Thread-2 (]: Re-using an available connection from the pool (formerly model.dbt_learn_repository.supplier, now model.dbt_learn_repository.my_second_dbt_model)
[0m09:44:59.971301 [debug] [Thread-2 (]: Began compiling node model.dbt_learn_repository.my_second_dbt_model
[0m09:44:59.975520 [debug] [Thread-2 (]: Writing injected SQL for node "model.dbt_learn_repository.my_second_dbt_model"
[0m09:44:59.976479 [debug] [Thread-2 (]: Began executing node model.dbt_learn_repository.my_second_dbt_model
[0m09:44:59.982846 [debug] [Thread-2 (]: Writing runtime sql for node "model.dbt_learn_repository.my_second_dbt_model"
[0m09:44:59.984217 [debug] [Thread-2 (]: Using snowflake connection "model.dbt_learn_repository.my_second_dbt_model"
[0m09:44:59.984610 [debug] [Thread-2 (]: On model.dbt_learn_repository.my_second_dbt_model: create or replace   view DBT_DEMO.RAWLAYER.my_second_dbt_model
  
  
  
  
  as (
    -- Use the `ref` function to select from other models

select *
from DBT_DEMO.RAWLAYER.my_first_dbt_model
where id = 1
  )
/* {"app": "dbt", "dbt_version": "1.11.9", "profile_name": "dbt_learn_repository", "target_name": "dev", "node_id": "model.dbt_learn_repository.my_second_dbt_model"} */;
[0m09:45:00.276745 [debug] [Thread-2 (]: SQL status: SUCCESS 1 in 0.292 seconds
[0m09:45:00.281582 [debug] [Thread-2 (]: Sending event: {'category': 'dbt', 'action': 'run_model', 'label': '84aeeab8-3292-49e1-9594-e0a8a7ee68ff', 'context': [<snowplow_tracker.self_describing_json.SelfDescribingJson object at 0x118b92690>]}
[0m09:45:00.282447 [info ] [Thread-2 (]: 9 of 9 OK created sql view model RAWLAYER.my_second_dbt_model .................. [[32mSUCCESS 1[0m in 0.31s]
[0m09:45:00.283068 [debug] [Thread-2 (]: Finished running node model.dbt_learn_repository.my_second_dbt_model
[0m09:45:00.284655 [debug] [MainThread]: Connection 'master' was properly closed.
[0m09:45:00.284996 [debug] [MainThread]: Connection 'model.dbt_learn_repository.my_second_dbt_model' was left open.
[0m09:45:00.285279 [debug] [MainThread]: On model.dbt_learn_repository.my_second_dbt_model: Close
[0m09:45:00.378059 [info ] [MainThread]: 
[0m09:45:00.378487 [info ] [MainThread]: Finished running 1 table model, 8 view models in 0 hours 0 minutes and 6.81 seconds (6.81s).
[0m09:45:00.379803 [debug] [MainThread]: Command end result
[0m09:45:00.438806 [debug] [MainThread]: Wrote artifact WritableManifest to /Users/srujan/dbt_learn/dbt_learn_repository/target/manifest.json
[0m09:45:00.439606 [debug] [MainThread]: Wrote artifact SemanticManifest to /Users/srujan/dbt_learn/dbt_learn_repository/target/semantic_manifest.json
[0m09:45:00.441967 [debug] [MainThread]: Wrote artifact RunExecutionResult to /Users/srujan/dbt_learn/dbt_learn_repository/target/run_results.json
[0m09:45:00.442084 [info ] [MainThread]: 
[0m09:45:00.442221 [info ] [MainThread]: [31mCompleted with 2 errors, 0 partial successes, and 0 warnings:[0m
[0m09:45:00.442319 [info ] [MainThread]: 
[0m09:45:00.442455 [error] [MainThread]: [31mFailure in model my_test_model (models/example/my_test_model.sql)[0m
[0m09:45:00.442579 [error] [MainThread]:   Database Error in model my_test_model (models/example/my_test_model.sql)
  000904 (42000): SQL compilation error: error line 7 at position 11
  invalid identifier '"hello from VS code"'
  compiled code at target/run/dbt_learn_repository/models/example/my_test_model.sql
[0m09:45:00.442666 [info ] [MainThread]: 
[0m09:45:00.442768 [info ] [MainThread]:   compiled code at target/compiled/dbt_learn_repository/models/example/my_test_model.sql
[0m09:45:00.442858 [info ] [MainThread]: 
[0m09:45:00.442968 [error] [MainThread]: [31mFailure in model remote_model (models/example/remote_model.sql)[0m
[0m09:45:00.443086 [error] [MainThread]:   Database Error in model remote_model (models/example/remote_model.sql)
  000904 (42000): SQL compilation error: error line 7 at position 11
  invalid identifier '"hello from github"'
  compiled code at target/run/dbt_learn_repository/models/example/remote_model.sql
[0m09:45:00.443174 [info ] [MainThread]: 
[0m09:45:00.443275 [info ] [MainThread]:   compiled code at target/compiled/dbt_learn_repository/models/example/remote_model.sql
[0m09:45:00.443358 [info ] [MainThread]: 
[0m09:45:00.443459 [info ] [MainThread]: Done. PASS=7 WARN=0 ERROR=2 SKIP=0 NO-OP=0 TOTAL=9
[0m09:45:00.445396 [debug] [MainThread]: Resource report: {"command_name": "run", "command_success": false, "command_wall_clock_time": 7.4486895, "process_in_blocks": "0", "process_kernel_time": 0.227482, "process_mem_max_rss": "171589632", "process_out_blocks": "0", "process_user_time": 1.220756}
[0m09:45:00.445608 [debug] [MainThread]: Command `dbt run` failed at 09:45:00.445568 after 7.45 seconds
[0m09:45:00.445769 [debug] [MainThread]: Sending event: {'category': 'dbt', 'action': 'invocation', 'label': 'end', 'context': [<snowplow_tracker.self_describing_json.SelfDescribingJson object at 0x118ade750>, <snowplow_tracker.self_describing_json.SelfDescribingJson object at 0x118adf4a0>, <snowplow_tracker.self_describing_json.SelfDescribingJson object at 0x118add280>]}
[0m09:45:00.445898 [debug] [MainThread]: Flushing usage events
[0m09:45:00.666602 [debug] [MainThread]: An error was encountered while trying to flush usage events
[0m09:52:27.171429 [debug] [MainThread]: Sending event: {'category': 'dbt', 'action': 'invocation', 'label': 'start', 'context': [<snowplow_tracker.self_describing_json.SelfDescribingJson object at 0x107a7fb00>, <snowplow_tracker.self_describing_json.SelfDescribingJson object at 0x110400800>, <snowplow_tracker.self_describing_json.SelfDescribingJson object at 0x110400560>]}


============================== 09:52:27.173974 | d47485d4-67a3-4f54-ba0d-b274314b5561 ==============================
[0m09:52:27.173974 [info ] [MainThread]: Running with dbt=1.11.9
[0m09:52:27.174205 [debug] [MainThread]: running dbt with arguments {'version_check': 'True', 'debug': 'False', 'log_cache_events': 'False', 'partial_parse': 'True', 'indirect_selection': 'eager', 'invocation_command': 'dbt run --target dev', 'fail_fast': 'False', 'warn_error_options': 'WarnErrorOptionsV2(error=[], warn=[], silence=[])', 'warn_error': 'None', 'empty': 'False', 'cache_selected_only': 'False', 'quiet': 'False', 'send_anonymous_usage_stats': 'True', 'log_format': 'default', 'use_experimental_parser': 'False', 'introspect': 'True', 'static_parser': 'True', 'target_path': 'None', 'no_print': 'None', 'log_path': '/Users/srujan/dbt_learn/dbt_learn_repository/logs', 'printer_width': '80', 'profiles_dir': '/Users/srujan/.dbt', 'write_json': 'True', 'use_colors': 'True'}
[0m09:52:27.360372 [debug] [MainThread]: Snowflake adapter: Setting snowflake.connector to ERROR (file logging only)
[0m09:52:27.360621 [debug] [MainThread]: Snowflake adapter: Setting botocore to ERROR (file logging only)
[0m09:52:27.360728 [debug] [MainThread]: Snowflake adapter: Setting boto3 to ERROR (file logging only)
[0m09:52:27.446056 [debug] [MainThread]: Sending event: {'category': 'dbt', 'action': 'project_id', 'label': 'd47485d4-67a3-4f54-ba0d-b274314b5561', 'context': [<snowplow_tracker.self_describing_json.SelfDescribingJson object at 0x1117b2e40>]}
[0m09:52:27.465206 [debug] [MainThread]: Sending event: {'category': 'dbt', 'action': 'adapter_info', 'label': 'd47485d4-67a3-4f54-ba0d-b274314b5561', 'context': [<snowplow_tracker.self_describing_json.SelfDescribingJson object at 0x1109fc3b0>]}
[0m09:52:27.465669 [info ] [MainThread]: Registered adapter: snowflake=1.11.4
[0m09:52:27.515980 [debug] [MainThread]: checksum: a2a6c3ad70d97238cd4662b1abb61bcb7b07a15f9f2431ec5bf3dbb2eaaa5bac, vars: {}, profile: , target: dev, version: 1.11.9
[0m09:52:27.586089 [debug] [MainThread]: Partial parsing enabled: 0 files deleted, 0 files added, 1 files changed.
[0m09:52:27.586317 [debug] [MainThread]: Partial parsing: updated file: dbt_learn_repository://models/example/my_test_model.sql
[0m09:52:27.672095 [debug] [MainThread]: Sending event: {'category': 'dbt', 'action': 'load_project', 'label': 'd47485d4-67a3-4f54-ba0d-b274314b5561', 'context': [<snowplow_tracker.self_describing_json.SelfDescribingJson object at 0x1129219a0>]}
[0m09:52:27.699421 [debug] [MainThread]: Wrote artifact WritableManifest to /Users/srujan/dbt_learn/dbt_learn_repository/target/manifest.json
[0m09:52:27.700429 [debug] [MainThread]: Wrote artifact SemanticManifest to /Users/srujan/dbt_learn/dbt_learn_repository/target/semantic_manifest.json
[0m09:52:27.705249 [debug] [MainThread]: Sending event: {'category': 'dbt', 'action': 'resource_counts', 'label': 'd47485d4-67a3-4f54-ba0d-b274314b5561', 'context': [<snowplow_tracker.self_describing_json.SelfDescribingJson object at 0x112fc2210>]}
[0m09:52:27.705433 [info ] [MainThread]: Found 9 models, 4 data tests, 525 macros
[0m09:52:27.705558 [debug] [MainThread]: Sending event: {'category': 'dbt', 'action': 'runnable_timing', 'label': 'd47485d4-67a3-4f54-ba0d-b274314b5561', 'context': [<snowplow_tracker.self_describing_json.SelfDescribingJson object at 0x112fa1f70>]}
[0m09:52:27.706353 [info ] [MainThread]: 
[0m09:52:27.706478 [info ] [MainThread]: Concurrency: 1 threads (target='dev')
[0m09:52:27.706566 [info ] [MainThread]: 
[0m09:52:27.706733 [debug] [MainThread]: Acquiring new snowflake connection 'master'
[0m09:52:27.708404 [debug] [ThreadPool]: Acquiring new snowflake connection 'list_DBT_DEMO'
[0m09:52:27.735207 [debug] [ThreadPool]: Using snowflake connection "list_DBT_DEMO"
[0m09:52:27.735676 [debug] [ThreadPool]: On list_DBT_DEMO: show terse schemas in database DBT_DEMO
    limit 10000
/* {"app": "dbt", "dbt_version": "1.11.9", "profile_name": "dbt_learn_repository", "target_name": "dev", "connection_name": "list_DBT_DEMO"} */
[0m09:52:27.737081 [debug] [ThreadPool]: Opening a new connection, currently in state init
[0m09:52:28.976383 [debug] [ThreadPool]: SQL status: SUCCESS 3 in 1.239 seconds
[0m09:52:28.978788 [debug] [ThreadPool]: Re-using an available connection from the pool (formerly list_DBT_DEMO, now list_DBT_DEMO_RAWLAYER)
[0m09:52:28.987377 [debug] [ThreadPool]: Using snowflake connection "list_DBT_DEMO_RAWLAYER"
[0m09:52:28.987605 [debug] [ThreadPool]: On list_DBT_DEMO_RAWLAYER: show objects in DBT_DEMO.RAWLAYER
    limit 10000
    

/* {"app": "dbt", "dbt_version": "1.11.9", "profile_name": "dbt_learn_repository", "target_name": "dev", "connection_name": "list_DBT_DEMO_RAWLAYER"} */;
[0m09:52:29.116387 [debug] [ThreadPool]: SQL status: SUCCESS 7 in 0.129 seconds
[0m09:52:29.119944 [debug] [MainThread]: Sending event: {'category': 'dbt', 'action': 'runnable_timing', 'label': 'd47485d4-67a3-4f54-ba0d-b274314b5561', 'context': [<snowplow_tracker.self_describing_json.SelfDescribingJson object at 0x1116b9310>]}
[0m09:52:29.125795 [debug] [Thread-2 (]: Began running node model.dbt_learn_repository.customer
[0m09:52:29.126281 [info ] [Thread-2 (]: 1 of 9 START sql view model RAWLAYER.customer .................................. [RUN]
[0m09:52:29.126656 [debug] [Thread-2 (]: Re-using an available connection from the pool (formerly list_DBT_DEMO_RAWLAYER, now model.dbt_learn_repository.customer)
[0m09:52:29.126916 [debug] [Thread-2 (]: Began compiling node model.dbt_learn_repository.customer
[0m09:52:29.132153 [debug] [Thread-2 (]: Writing injected SQL for node "model.dbt_learn_repository.customer"
[0m09:52:29.132862 [debug] [Thread-2 (]: Began executing node model.dbt_learn_repository.customer
[0m09:52:29.150733 [debug] [Thread-2 (]: Writing runtime sql for node "model.dbt_learn_repository.customer"
[0m09:52:29.151367 [debug] [Thread-2 (]: Using snowflake connection "model.dbt_learn_repository.customer"
[0m09:52:29.151557 [debug] [Thread-2 (]: On model.dbt_learn_repository.customer: create or replace   view DBT_DEMO.RAWLAYER.customer
  
  
  
  
  as (
    select *
from SNOWFLAKE_SAMPLE_DATA.TPCH_SF1.CUSTOMER
  )
/* {"app": "dbt", "dbt_version": "1.11.9", "profile_name": "dbt_learn_repository", "target_name": "dev", "node_id": "model.dbt_learn_repository.customer"} */;
[0m09:52:29.527706 [debug] [Thread-2 (]: SQL status: SUCCESS 1 in 0.376 seconds
[0m09:52:29.550757 [debug] [Thread-2 (]: Sending event: {'category': 'dbt', 'action': 'run_model', 'label': 'd47485d4-67a3-4f54-ba0d-b274314b5561', 'context': [<snowplow_tracker.self_describing_json.SelfDescribingJson object at 0x1104147a0>]}
[0m09:52:29.551101 [info ] [Thread-2 (]: 1 of 9 OK created sql view model RAWLAYER.customer ............................. [[32mSUCCESS 1[0m in 0.42s]
[0m09:52:29.551350 [debug] [Thread-2 (]: Finished running node model.dbt_learn_repository.customer
[0m09:52:29.551511 [debug] [Thread-2 (]: Began running node model.dbt_learn_repository.my_first_dbt_model
[0m09:52:29.551751 [info ] [Thread-2 (]: 2 of 9 START sql table model RAWLAYER.my_first_dbt_model ....................... [RUN]
[0m09:52:29.551985 [debug] [Thread-2 (]: Re-using an available connection from the pool (formerly model.dbt_learn_repository.customer, now model.dbt_learn_repository.my_first_dbt_model)
[0m09:52:29.552138 [debug] [Thread-2 (]: Began compiling node model.dbt_learn_repository.my_first_dbt_model
[0m09:52:29.553449 [debug] [Thread-2 (]: Writing injected SQL for node "model.dbt_learn_repository.my_first_dbt_model"
[0m09:52:29.553789 [debug] [Thread-2 (]: Began executing node model.dbt_learn_repository.my_first_dbt_model
[0m09:52:29.564061 [debug] [Thread-2 (]: Writing runtime sql for node "model.dbt_learn_repository.my_first_dbt_model"
[0m09:52:29.564687 [debug] [Thread-2 (]: Using snowflake connection "model.dbt_learn_repository.my_first_dbt_model"
[0m09:52:29.565072 [debug] [Thread-2 (]: On model.dbt_learn_repository.my_first_dbt_model: create or replace transient table DBT_DEMO.RAWLAYER.my_first_dbt_model
    
    
    
    as (/*
    Welcome to your first dbt model!
    Did you know that you can also configure models directly within SQL files?
    This will override configurations stated in dbt_project.yml

    Try changing "table" to "view" below
*/



with source_data as (

    select 1 as id
    union all
    select null as id

)

select *
from source_data

/*
    Uncomment the line below to remove records with null `id` values
*/

-- where id is not null
    )

/* {"app": "dbt", "dbt_version": "1.11.9", "profile_name": "dbt_learn_repository", "target_name": "dev", "node_id": "model.dbt_learn_repository.my_first_dbt_model"} */;
[0m09:52:30.355277 [debug] [Thread-2 (]: SQL status: SUCCESS 2 in 0.790 seconds
[0m09:52:30.360550 [debug] [Thread-2 (]: Sending event: {'category': 'dbt', 'action': 'run_model', 'label': 'd47485d4-67a3-4f54-ba0d-b274314b5561', 'context': [<snowplow_tracker.self_describing_json.SelfDescribingJson object at 0x1145de510>]}
[0m09:52:30.361541 [info ] [Thread-2 (]: 2 of 9 OK created sql table model RAWLAYER.my_first_dbt_model .................. [[32mSUCCESS 2[0m in 0.81s]
[0m09:52:30.362179 [debug] [Thread-2 (]: Finished running node model.dbt_learn_repository.my_first_dbt_model
[0m09:52:30.362578 [debug] [Thread-2 (]: Began running node model.dbt_learn_repository.my_test_model
[0m09:52:30.363182 [info ] [Thread-2 (]: 3 of 9 START sql view model RAWLAYER.my_test_model ............................. [RUN]
[0m09:52:30.363789 [debug] [Thread-2 (]: Re-using an available connection from the pool (formerly model.dbt_learn_repository.my_first_dbt_model, now model.dbt_learn_repository.my_test_model)
[0m09:52:30.364108 [debug] [Thread-2 (]: Began compiling node model.dbt_learn_repository.my_test_model
[0m09:52:30.367011 [debug] [Thread-2 (]: Writing injected SQL for node "model.dbt_learn_repository.my_test_model"
[0m09:52:30.368838 [debug] [Thread-2 (]: Began executing node model.dbt_learn_repository.my_test_model
[0m09:52:30.371953 [debug] [Thread-2 (]: Writing runtime sql for node "model.dbt_learn_repository.my_test_model"
[0m09:52:30.372809 [debug] [Thread-2 (]: Using snowflake connection "model.dbt_learn_repository.my_test_model"
[0m09:52:30.373116 [debug] [Thread-2 (]: On model.dbt_learn_repository.my_test_model: create or replace   view DBT_DEMO.RAWLAYER.my_test_model
  
  
  
  
  as (
    select 'hello from VS code' as message
  )
/* {"app": "dbt", "dbt_version": "1.11.9", "profile_name": "dbt_learn_repository", "target_name": "dev", "node_id": "model.dbt_learn_repository.my_test_model"} */;
[0m09:52:30.519756 [debug] [Thread-2 (]: SQL status: SUCCESS 1 in 0.146 seconds
[0m09:52:30.524969 [debug] [Thread-2 (]: Sending event: {'category': 'dbt', 'action': 'run_model', 'label': 'd47485d4-67a3-4f54-ba0d-b274314b5561', 'context': [<snowplow_tracker.self_describing_json.SelfDescribingJson object at 0x1158f66f0>]}
[0m09:52:30.526295 [info ] [Thread-2 (]: 3 of 9 OK created sql view model RAWLAYER.my_test_model ........................ [[32mSUCCESS 1[0m in 0.16s]
[0m09:52:30.527355 [debug] [Thread-2 (]: Finished running node model.dbt_learn_repository.my_test_model
[0m09:52:30.527998 [debug] [Thread-2 (]: Began running node model.dbt_learn_repository.nation
[0m09:52:30.528618 [info ] [Thread-2 (]: 4 of 9 START sql view model RAWLAYER.nation .................................... [RUN]
[0m09:52:30.529219 [debug] [Thread-2 (]: Re-using an available connection from the pool (formerly model.dbt_learn_repository.my_test_model, now model.dbt_learn_repository.nation)
[0m09:52:30.529647 [debug] [Thread-2 (]: Began compiling node model.dbt_learn_repository.nation
[0m09:52:30.532731 [debug] [Thread-2 (]: Writing injected SQL for node "model.dbt_learn_repository.nation"
[0m09:52:30.533721 [debug] [Thread-2 (]: Began executing node model.dbt_learn_repository.nation
[0m09:52:30.538993 [debug] [Thread-2 (]: Writing runtime sql for node "model.dbt_learn_repository.nation"
[0m09:52:30.540347 [debug] [Thread-2 (]: Using snowflake connection "model.dbt_learn_repository.nation"
[0m09:52:30.540744 [debug] [Thread-2 (]: On model.dbt_learn_repository.nation: create or replace   view DBT_DEMO.RAWLAYER.nation
  
  
  
  
  as (
    select *
from SNOWFLAKE_SAMPLE_DATA.TPCH_SF1.NATION
  )
/* {"app": "dbt", "dbt_version": "1.11.9", "profile_name": "dbt_learn_repository", "target_name": "dev", "node_id": "model.dbt_learn_repository.nation"} */;
[0m09:52:31.166332 [debug] [Thread-2 (]: SQL status: SUCCESS 1 in 0.625 seconds
[0m09:52:31.170593 [debug] [Thread-2 (]: Sending event: {'category': 'dbt', 'action': 'run_model', 'label': 'd47485d4-67a3-4f54-ba0d-b274314b5561', 'context': [<snowplow_tracker.self_describing_json.SelfDescribingJson object at 0x1158f4a40>]}
[0m09:52:31.171435 [info ] [Thread-2 (]: 4 of 9 OK created sql view model RAWLAYER.nation ............................... [[32mSUCCESS 1[0m in 0.64s]
[0m09:52:31.172021 [debug] [Thread-2 (]: Finished running node model.dbt_learn_repository.nation
[0m09:52:31.172419 [debug] [Thread-2 (]: Began running node model.dbt_learn_repository.orders
[0m09:52:31.172976 [info ] [Thread-2 (]: 5 of 9 START sql view model RAWLAYER.orders .................................... [RUN]
[0m09:52:31.173501 [debug] [Thread-2 (]: Re-using an available connection from the pool (formerly model.dbt_learn_repository.nation, now model.dbt_learn_repository.orders)
[0m09:52:31.173864 [debug] [Thread-2 (]: Began compiling node model.dbt_learn_repository.orders
[0m09:52:31.176858 [debug] [Thread-2 (]: Writing injected SQL for node "model.dbt_learn_repository.orders"
[0m09:52:31.178676 [debug] [Thread-2 (]: Began executing node model.dbt_learn_repository.orders
[0m09:52:31.181737 [debug] [Thread-2 (]: Writing runtime sql for node "model.dbt_learn_repository.orders"
[0m09:52:31.182804 [debug] [Thread-2 (]: Using snowflake connection "model.dbt_learn_repository.orders"
[0m09:52:31.183238 [debug] [Thread-2 (]: On model.dbt_learn_repository.orders: create or replace   view DBT_DEMO.RAWLAYER.orders
  
  
  
  
  as (
    select *
from SNOWFLAKE_SAMPLE_DATA.TPCH_SF1.ORDERS
  )
/* {"app": "dbt", "dbt_version": "1.11.9", "profile_name": "dbt_learn_repository", "target_name": "dev", "node_id": "model.dbt_learn_repository.orders"} */;
[0m09:52:31.393156 [debug] [Thread-2 (]: SQL status: SUCCESS 1 in 0.209 seconds
[0m09:52:31.397344 [debug] [Thread-2 (]: Sending event: {'category': 'dbt', 'action': 'run_model', 'label': 'd47485d4-67a3-4f54-ba0d-b274314b5561', 'context': [<snowplow_tracker.self_describing_json.SelfDescribingJson object at 0x1158d3e90>]}
[0m09:52:31.398083 [info ] [Thread-2 (]: 5 of 9 OK created sql view model RAWLAYER.orders ............................... [[32mSUCCESS 1[0m in 0.22s]
[0m09:52:31.398586 [debug] [Thread-2 (]: Finished running node model.dbt_learn_repository.orders
[0m09:52:31.398942 [debug] [Thread-2 (]: Began running node model.dbt_learn_repository.region
[0m09:52:31.399434 [info ] [Thread-2 (]: 6 of 9 START sql view model RAWLAYER.region .................................... [RUN]
[0m09:52:31.399870 [debug] [Thread-2 (]: Re-using an available connection from the pool (formerly model.dbt_learn_repository.orders, now model.dbt_learn_repository.region)
[0m09:52:31.400167 [debug] [Thread-2 (]: Began compiling node model.dbt_learn_repository.region
[0m09:52:31.402767 [debug] [Thread-2 (]: Writing injected SQL for node "model.dbt_learn_repository.region"
[0m09:52:31.403523 [debug] [Thread-2 (]: Began executing node model.dbt_learn_repository.region
[0m09:52:31.406147 [debug] [Thread-2 (]: Writing runtime sql for node "model.dbt_learn_repository.region"
[0m09:52:31.407024 [debug] [Thread-2 (]: Using snowflake connection "model.dbt_learn_repository.region"
[0m09:52:31.407362 [debug] [Thread-2 (]: On model.dbt_learn_repository.region: create or replace   view DBT_DEMO.RAWLAYER.region
  
  
  
  
  as (
    select *
from SNOWFLAKE_SAMPLE_DATA.TPCH_SF1.REGION
  )
/* {"app": "dbt", "dbt_version": "1.11.9", "profile_name": "dbt_learn_repository", "target_name": "dev", "node_id": "model.dbt_learn_repository.region"} */;
[0m09:52:31.649258 [debug] [Thread-2 (]: SQL status: SUCCESS 1 in 0.241 seconds
[0m09:52:31.654719 [debug] [Thread-2 (]: Sending event: {'category': 'dbt', 'action': 'run_model', 'label': 'd47485d4-67a3-4f54-ba0d-b274314b5561', 'context': [<snowplow_tracker.self_describing_json.SelfDescribingJson object at 0x1145e5d30>]}
[0m09:52:31.656029 [info ] [Thread-2 (]: 6 of 9 OK created sql view model RAWLAYER.region ............................... [[32mSUCCESS 1[0m in 0.25s]
[0m09:52:31.656814 [debug] [Thread-2 (]: Finished running node model.dbt_learn_repository.region
[0m09:52:31.657118 [debug] [Thread-2 (]: Began running node model.dbt_learn_repository.remote_model
[0m09:52:31.657534 [info ] [Thread-2 (]: 7 of 9 START sql view model RAWLAYER.remote_model .............................. [RUN]
[0m09:52:31.657914 [debug] [Thread-2 (]: Re-using an available connection from the pool (formerly model.dbt_learn_repository.region, now model.dbt_learn_repository.remote_model)
[0m09:52:31.658159 [debug] [Thread-2 (]: Began compiling node model.dbt_learn_repository.remote_model
[0m09:52:31.659669 [debug] [Thread-2 (]: Writing injected SQL for node "model.dbt_learn_repository.remote_model"
[0m09:52:31.660252 [debug] [Thread-2 (]: Began executing node model.dbt_learn_repository.remote_model
[0m09:52:31.662104 [debug] [Thread-2 (]: Writing runtime sql for node "model.dbt_learn_repository.remote_model"
[0m09:52:31.662908 [debug] [Thread-2 (]: Using snowflake connection "model.dbt_learn_repository.remote_model"
[0m09:52:31.663228 [debug] [Thread-2 (]: On model.dbt_learn_repository.remote_model: create or replace   view DBT_DEMO.RAWLAYER.remote_model
  
  
  
  
  as (
    select "hello from github" as message
  )
/* {"app": "dbt", "dbt_version": "1.11.9", "profile_name": "dbt_learn_repository", "target_name": "dev", "node_id": "model.dbt_learn_repository.remote_model"} */;
[0m09:52:31.745616 [debug] [Thread-2 (]: Snowflake adapter: Snowflake query id: 01c44c40-0001-9feb-001c-065f0002563e
[0m09:52:31.746034 [debug] [Thread-2 (]: Snowflake adapter: Snowflake error: 000904 (42000): SQL compilation error: error line 7 at position 11
invalid identifier '"hello from github"'
[0m09:52:31.750148 [debug] [Thread-2 (]: Database Error in model remote_model (models/example/remote_model.sql)
  000904 (42000): SQL compilation error: error line 7 at position 11
  invalid identifier '"hello from github"'
  compiled code at target/run/dbt_learn_repository/models/example/remote_model.sql
[0m09:52:31.750581 [debug] [Thread-2 (]: Sending event: {'category': 'dbt', 'action': 'run_model', 'label': 'd47485d4-67a3-4f54-ba0d-b274314b5561', 'context': [<snowplow_tracker.self_describing_json.SelfDescribingJson object at 0x1145f80e0>]}
[0m09:52:31.751131 [error] [Thread-2 (]: 7 of 9 ERROR creating sql view model RAWLAYER.remote_model ..................... [[31mERROR[0m in 0.09s]
[0m09:52:31.751560 [debug] [Thread-2 (]: Finished running node model.dbt_learn_repository.remote_model
[0m09:52:31.751841 [debug] [Thread-2 (]: Began running node model.dbt_learn_repository.supplier
[0m09:52:31.752172 [debug] [Thread-5 (]: Marking all children of 'model.dbt_learn_repository.remote_model' to be skipped because of status 'error'.  Reason: Database Error in model remote_model (models/example/remote_model.sql)
  000904 (42000): SQL compilation error: error line 7 at position 11
  invalid identifier '"hello from github"'
  compiled code at target/run/dbt_learn_repository/models/example/remote_model.sql.
[0m09:52:31.752483 [info ] [Thread-2 (]: 8 of 9 START sql view model RAWLAYER.supplier .................................. [RUN]
[0m09:52:31.753354 [debug] [Thread-2 (]: Re-using an available connection from the pool (formerly model.dbt_learn_repository.remote_model, now model.dbt_learn_repository.supplier)
[0m09:52:31.753580 [debug] [Thread-2 (]: Began compiling node model.dbt_learn_repository.supplier
[0m09:52:31.755255 [debug] [Thread-2 (]: Writing injected SQL for node "model.dbt_learn_repository.supplier"
[0m09:52:31.755775 [debug] [Thread-2 (]: Began executing node model.dbt_learn_repository.supplier
[0m09:52:31.757731 [debug] [Thread-2 (]: Writing runtime sql for node "model.dbt_learn_repository.supplier"
[0m09:52:31.758374 [debug] [Thread-2 (]: Using snowflake connection "model.dbt_learn_repository.supplier"
[0m09:52:31.758609 [debug] [Thread-2 (]: On model.dbt_learn_repository.supplier: create or replace   view DBT_DEMO.RAWLAYER.supplier
  
  
  
  
  as (
    select *
from SNOWFLAKE_SAMPLE_DATA.TPCH_SF1.SUPPLIER
  )
/* {"app": "dbt", "dbt_version": "1.11.9", "profile_name": "dbt_learn_repository", "target_name": "dev", "node_id": "model.dbt_learn_repository.supplier"} */;
[0m09:52:31.979323 [debug] [Thread-2 (]: SQL status: SUCCESS 1 in 0.220 seconds
[0m09:52:31.985032 [debug] [Thread-2 (]: Sending event: {'category': 'dbt', 'action': 'run_model', 'label': 'd47485d4-67a3-4f54-ba0d-b274314b5561', 'context': [<snowplow_tracker.self_describing_json.SelfDescribingJson object at 0x11599bd40>]}
[0m09:52:31.985604 [info ] [Thread-2 (]: 8 of 9 OK created sql view model RAWLAYER.supplier ............................. [[32mSUCCESS 1[0m in 0.23s]
[0m09:52:31.986040 [debug] [Thread-2 (]: Finished running node model.dbt_learn_repository.supplier
[0m09:52:31.986331 [debug] [Thread-2 (]: Began running node model.dbt_learn_repository.my_second_dbt_model
[0m09:52:31.986712 [info ] [Thread-2 (]: 9 of 9 START sql view model RAWLAYER.my_second_dbt_model ....................... [RUN]
[0m09:52:31.987060 [debug] [Thread-2 (]: Re-using an available connection from the pool (formerly model.dbt_learn_repository.supplier, now model.dbt_learn_repository.my_second_dbt_model)
[0m09:52:31.987322 [debug] [Thread-2 (]: Began compiling node model.dbt_learn_repository.my_second_dbt_model
[0m09:52:31.989640 [debug] [Thread-2 (]: Writing injected SQL for node "model.dbt_learn_repository.my_second_dbt_model"
[0m09:52:31.990213 [debug] [Thread-2 (]: Began executing node model.dbt_learn_repository.my_second_dbt_model
[0m09:52:31.992511 [debug] [Thread-2 (]: Writing runtime sql for node "model.dbt_learn_repository.my_second_dbt_model"
[0m09:52:31.993321 [debug] [Thread-2 (]: Using snowflake connection "model.dbt_learn_repository.my_second_dbt_model"
[0m09:52:31.993649 [debug] [Thread-2 (]: On model.dbt_learn_repository.my_second_dbt_model: create or replace   view DBT_DEMO.RAWLAYER.my_second_dbt_model
  
  
  
  
  as (
    -- Use the `ref` function to select from other models

select *
from DBT_DEMO.RAWLAYER.my_first_dbt_model
where id = 1
  )
/* {"app": "dbt", "dbt_version": "1.11.9", "profile_name": "dbt_learn_repository", "target_name": "dev", "node_id": "model.dbt_learn_repository.my_second_dbt_model"} */;
[0m09:52:32.187618 [debug] [Thread-2 (]: SQL status: SUCCESS 1 in 0.194 seconds
[0m09:52:32.188934 [debug] [Thread-2 (]: Sending event: {'category': 'dbt', 'action': 'run_model', 'label': 'd47485d4-67a3-4f54-ba0d-b274314b5561', 'context': [<snowplow_tracker.self_describing_json.SelfDescribingJson object at 0x11590f1d0>]}
[0m09:52:32.189264 [info ] [Thread-2 (]: 9 of 9 OK created sql view model RAWLAYER.my_second_dbt_model .................. [[32mSUCCESS 1[0m in 0.20s]
[0m09:52:32.189546 [debug] [Thread-2 (]: Finished running node model.dbt_learn_repository.my_second_dbt_model
[0m09:52:32.190215 [debug] [MainThread]: Connection 'master' was properly closed.
[0m09:52:32.190404 [debug] [MainThread]: Connection 'model.dbt_learn_repository.my_second_dbt_model' was left open.
[0m09:52:32.190560 [debug] [MainThread]: On model.dbt_learn_repository.my_second_dbt_model: Close
[0m09:52:32.265866 [info ] [MainThread]: 
[0m09:52:32.266204 [info ] [MainThread]: Finished running 1 table model, 8 view models in 0 hours 0 minutes and 4.56 seconds (4.56s).
[0m09:52:32.267425 [debug] [MainThread]: Command end result
[0m09:52:32.318547 [debug] [MainThread]: Wrote artifact WritableManifest to /Users/srujan/dbt_learn/dbt_learn_repository/target/manifest.json
[0m09:52:32.319479 [debug] [MainThread]: Wrote artifact SemanticManifest to /Users/srujan/dbt_learn/dbt_learn_repository/target/semantic_manifest.json
[0m09:52:32.322051 [debug] [MainThread]: Wrote artifact RunExecutionResult to /Users/srujan/dbt_learn/dbt_learn_repository/target/run_results.json
[0m09:52:32.322179 [info ] [MainThread]: 
[0m09:52:32.322319 [info ] [MainThread]: [31mCompleted with 1 error, 0 partial successes, and 0 warnings:[0m
[0m09:52:32.322425 [info ] [MainThread]: 
[0m09:52:32.322563 [error] [MainThread]: [31mFailure in model remote_model (models/example/remote_model.sql)[0m
[0m09:52:32.322686 [error] [MainThread]:   Database Error in model remote_model (models/example/remote_model.sql)
  000904 (42000): SQL compilation error: error line 7 at position 11
  invalid identifier '"hello from github"'
  compiled code at target/run/dbt_learn_repository/models/example/remote_model.sql
[0m09:52:32.322777 [info ] [MainThread]: 
[0m09:52:32.322887 [info ] [MainThread]:   compiled code at target/compiled/dbt_learn_repository/models/example/remote_model.sql
[0m09:52:32.322978 [info ] [MainThread]: 
[0m09:52:32.323081 [info ] [MainThread]: Done. PASS=8 WARN=0 ERROR=1 SKIP=0 NO-OP=0 TOTAL=9
[0m09:52:32.324985 [debug] [MainThread]: Resource report: {"command_name": "run", "command_success": false, "command_wall_clock_time": 5.1841903, "process_in_blocks": "0", "process_kernel_time": 0.216807, "process_mem_max_rss": "172916736", "process_out_blocks": "0", "process_user_time": 1.17273}
[0m09:52:32.325153 [debug] [MainThread]: Command `dbt run` failed at 09:52:32.325119 after 5.18 seconds
[0m09:52:32.325296 [debug] [MainThread]: Sending event: {'category': 'dbt', 'action': 'invocation', 'label': 'end', 'context': [<snowplow_tracker.self_describing_json.SelfDescribingJson object at 0x107a34170>, <snowplow_tracker.self_describing_json.SelfDescribingJson object at 0x1158c2210>, <snowplow_tracker.self_describing_json.SelfDescribingJson object at 0x1158c1550>]}
[0m09:52:32.325417 [debug] [MainThread]: Flushing usage events
[0m09:52:32.589725 [debug] [MainThread]: An error was encountered while trying to flush usage events
[0m09:52:52.087205 [debug] [MainThread]: Sending event: {'category': 'dbt', 'action': 'invocation', 'label': 'start', 'context': [<snowplow_tracker.self_describing_json.SelfDescribingJson object at 0x11d3d9d30>, <snowplow_tracker.self_describing_json.SelfDescribingJson object at 0x11db00680>, <snowplow_tracker.self_describing_json.SelfDescribingJson object at 0x11db003e0>]}


============================== 09:52:52.089627 | 858ddac7-b79b-4e28-a2c8-9a7e294d89cd ==============================
[0m09:52:52.089627 [info ] [MainThread]: Running with dbt=1.11.9
[0m09:52:52.089858 [debug] [MainThread]: running dbt with arguments {'warn_error_options': 'WarnErrorOptionsV2(error=[], warn=[], silence=[])', 'use_colors': 'True', 'quiet': 'False', 'log_path': '/Users/srujan/dbt_learn/dbt_learn_repository/logs', 'fail_fast': 'False', 'indirect_selection': 'eager', 'send_anonymous_usage_stats': 'True', 'debug': 'False', 'log_cache_events': 'False', 'invocation_command': 'dbt run --target dev', 'introspect': 'True', 'printer_width': '80', 'target_path': 'None', 'profiles_dir': '/Users/srujan/.dbt', 'log_format': 'default', 'static_parser': 'True', 'version_check': 'True', 'no_print': 'None', 'cache_selected_only': 'False', 'warn_error': 'None', 'empty': 'False', 'partial_parse': 'True', 'write_json': 'True', 'use_experimental_parser': 'False'}
[0m09:52:52.265707 [debug] [MainThread]: Snowflake adapter: Setting snowflake.connector to ERROR (file logging only)
[0m09:52:52.265936 [debug] [MainThread]: Snowflake adapter: Setting botocore to ERROR (file logging only)
[0m09:52:52.266043 [debug] [MainThread]: Snowflake adapter: Setting boto3 to ERROR (file logging only)
[0m09:52:52.344995 [debug] [MainThread]: Sending event: {'category': 'dbt', 'action': 'project_id', 'label': '858ddac7-b79b-4e28-a2c8-9a7e294d89cd', 'context': [<snowplow_tracker.self_describing_json.SelfDescribingJson object at 0x11e7aff80>]}
[0m09:52:52.365081 [debug] [MainThread]: Sending event: {'category': 'dbt', 'action': 'adapter_info', 'label': '858ddac7-b79b-4e28-a2c8-9a7e294d89cd', 'context': [<snowplow_tracker.self_describing_json.SelfDescribingJson object at 0x11ed269c0>]}
[0m09:52:52.366103 [info ] [MainThread]: Registered adapter: snowflake=1.11.4
[0m09:52:52.416347 [debug] [MainThread]: checksum: a2a6c3ad70d97238cd4662b1abb61bcb7b07a15f9f2431ec5bf3dbb2eaaa5bac, vars: {}, profile: , target: dev, version: 1.11.9
[0m09:52:52.482983 [debug] [MainThread]: Partial parsing enabled: 0 files deleted, 0 files added, 1 files changed.
[0m09:52:52.483221 [debug] [MainThread]: Partial parsing: updated file: dbt_learn_repository://models/example/remote_model.sql
[0m09:52:52.569809 [debug] [MainThread]: Sending event: {'category': 'dbt', 'action': 'load_project', 'label': '858ddac7-b79b-4e28-a2c8-9a7e294d89cd', 'context': [<snowplow_tracker.self_describing_json.SelfDescribingJson object at 0x1294e9b80>]}
[0m09:52:52.597732 [debug] [MainThread]: Wrote artifact WritableManifest to /Users/srujan/dbt_learn/dbt_learn_repository/target/manifest.json
[0m09:52:52.598768 [debug] [MainThread]: Wrote artifact SemanticManifest to /Users/srujan/dbt_learn/dbt_learn_repository/target/semantic_manifest.json
[0m09:52:52.603600 [debug] [MainThread]: Sending event: {'category': 'dbt', 'action': 'resource_counts', 'label': '858ddac7-b79b-4e28-a2c8-9a7e294d89cd', 'context': [<snowplow_tracker.self_describing_json.SelfDescribingJson object at 0x1294e4800>]}
[0m09:52:52.603795 [info ] [MainThread]: Found 9 models, 4 data tests, 525 macros
[0m09:52:52.603920 [debug] [MainThread]: Sending event: {'category': 'dbt', 'action': 'runnable_timing', 'label': '858ddac7-b79b-4e28-a2c8-9a7e294d89cd', 'context': [<snowplow_tracker.self_describing_json.SelfDescribingJson object at 0x129490620>]}
[0m09:52:52.604711 [info ] [MainThread]: 
[0m09:52:52.604840 [info ] [MainThread]: Concurrency: 1 threads (target='dev')
[0m09:52:52.604931 [info ] [MainThread]: 
[0m09:52:52.605109 [debug] [MainThread]: Acquiring new snowflake connection 'master'
[0m09:52:52.606755 [debug] [ThreadPool]: Acquiring new snowflake connection 'list_DBT_DEMO'
[0m09:52:52.629138 [debug] [ThreadPool]: Using snowflake connection "list_DBT_DEMO"
[0m09:52:52.629325 [debug] [ThreadPool]: On list_DBT_DEMO: show terse schemas in database DBT_DEMO
    limit 10000
/* {"app": "dbt", "dbt_version": "1.11.9", "profile_name": "dbt_learn_repository", "target_name": "dev", "connection_name": "list_DBT_DEMO"} */
[0m09:52:52.629436 [debug] [ThreadPool]: Opening a new connection, currently in state init
[0m09:52:53.818073 [debug] [ThreadPool]: SQL status: SUCCESS 3 in 1.189 seconds
[0m09:52:53.819810 [debug] [ThreadPool]: Re-using an available connection from the pool (formerly list_DBT_DEMO, now list_DBT_DEMO_RAWLAYER)
[0m09:52:53.826717 [debug] [ThreadPool]: Using snowflake connection "list_DBT_DEMO_RAWLAYER"
[0m09:52:53.826904 [debug] [ThreadPool]: On list_DBT_DEMO_RAWLAYER: show objects in DBT_DEMO.RAWLAYER
    limit 10000
    

/* {"app": "dbt", "dbt_version": "1.11.9", "profile_name": "dbt_learn_repository", "target_name": "dev", "connection_name": "list_DBT_DEMO_RAWLAYER"} */;
[0m09:52:53.970998 [debug] [ThreadPool]: SQL status: SUCCESS 8 in 0.144 seconds
[0m09:52:53.975550 [debug] [MainThread]: Sending event: {'category': 'dbt', 'action': 'runnable_timing', 'label': '858ddac7-b79b-4e28-a2c8-9a7e294d89cd', 'context': [<snowplow_tracker.self_describing_json.SelfDescribingJson object at 0x1294e4770>]}
[0m09:52:53.980330 [debug] [Thread-2 (]: Began running node model.dbt_learn_repository.customer
[0m09:52:53.981014 [info ] [Thread-2 (]: 1 of 9 START sql view model RAWLAYER.customer .................................. [RUN]
[0m09:52:53.981456 [debug] [Thread-2 (]: Re-using an available connection from the pool (formerly list_DBT_DEMO_RAWLAYER, now model.dbt_learn_repository.customer)
[0m09:52:53.981760 [debug] [Thread-2 (]: Began compiling node model.dbt_learn_repository.customer
[0m09:52:53.988546 [debug] [Thread-2 (]: Writing injected SQL for node "model.dbt_learn_repository.customer"
[0m09:52:53.989313 [debug] [Thread-2 (]: Began executing node model.dbt_learn_repository.customer
[0m09:52:54.011111 [debug] [Thread-2 (]: Writing runtime sql for node "model.dbt_learn_repository.customer"
[0m09:52:54.011776 [debug] [Thread-2 (]: Using snowflake connection "model.dbt_learn_repository.customer"
[0m09:52:54.011979 [debug] [Thread-2 (]: On model.dbt_learn_repository.customer: create or replace   view DBT_DEMO.RAWLAYER.customer
  
  
  
  
  as (
    select *
from SNOWFLAKE_SAMPLE_DATA.TPCH_SF1.CUSTOMER
  )
/* {"app": "dbt", "dbt_version": "1.11.9", "profile_name": "dbt_learn_repository", "target_name": "dev", "node_id": "model.dbt_learn_repository.customer"} */;
[0m09:52:54.312891 [debug] [Thread-2 (]: SQL status: SUCCESS 1 in 0.300 seconds
[0m09:52:54.344274 [debug] [Thread-2 (]: Sending event: {'category': 'dbt', 'action': 'run_model', 'label': '858ddac7-b79b-4e28-a2c8-9a7e294d89cd', 'context': [<snowplow_tracker.self_describing_json.SelfDescribingJson object at 0x11db14770>]}
[0m09:52:54.344926 [info ] [Thread-2 (]: 1 of 9 OK created sql view model RAWLAYER.customer ............................. [[32mSUCCESS 1[0m in 0.36s]
[0m09:52:54.345354 [debug] [Thread-2 (]: Finished running node model.dbt_learn_repository.customer
[0m09:52:54.345696 [debug] [Thread-2 (]: Began running node model.dbt_learn_repository.my_first_dbt_model
[0m09:52:54.346086 [info ] [Thread-2 (]: 2 of 9 START sql table model RAWLAYER.my_first_dbt_model ....................... [RUN]
[0m09:52:54.346407 [debug] [Thread-2 (]: Re-using an available connection from the pool (formerly model.dbt_learn_repository.customer, now model.dbt_learn_repository.my_first_dbt_model)
[0m09:52:54.346630 [debug] [Thread-2 (]: Began compiling node model.dbt_learn_repository.my_first_dbt_model
[0m09:52:54.348832 [debug] [Thread-2 (]: Writing injected SQL for node "model.dbt_learn_repository.my_first_dbt_model"
[0m09:52:54.349337 [debug] [Thread-2 (]: Began executing node model.dbt_learn_repository.my_first_dbt_model
[0m09:52:54.363557 [debug] [Thread-2 (]: Writing runtime sql for node "model.dbt_learn_repository.my_first_dbt_model"
[0m09:52:54.364276 [debug] [Thread-2 (]: Using snowflake connection "model.dbt_learn_repository.my_first_dbt_model"
[0m09:52:54.364496 [debug] [Thread-2 (]: On model.dbt_learn_repository.my_first_dbt_model: create or replace transient table DBT_DEMO.RAWLAYER.my_first_dbt_model
    
    
    
    as (/*
    Welcome to your first dbt model!
    Did you know that you can also configure models directly within SQL files?
    This will override configurations stated in dbt_project.yml

    Try changing "table" to "view" below
*/



with source_data as (

    select 1 as id
    union all
    select null as id

)

select *
from source_data

/*
    Uncomment the line below to remove records with null `id` values
*/

-- where id is not null
    )

/* {"app": "dbt", "dbt_version": "1.11.9", "profile_name": "dbt_learn_repository", "target_name": "dev", "node_id": "model.dbt_learn_repository.my_first_dbt_model"} */;
[0m09:52:54.918715 [debug] [Thread-2 (]: SQL status: SUCCESS 2 in 0.554 seconds
[0m09:52:54.923504 [debug] [Thread-2 (]: Sending event: {'category': 'dbt', 'action': 'run_model', 'label': '858ddac7-b79b-4e28-a2c8-9a7e294d89cd', 'context': [<snowplow_tracker.self_describing_json.SelfDescribingJson object at 0x129b9be60>]}
[0m09:52:54.924270 [info ] [Thread-2 (]: 2 of 9 OK created sql table model RAWLAYER.my_first_dbt_model .................. [[32mSUCCESS 2[0m in 0.58s]
[0m09:52:54.924754 [debug] [Thread-2 (]: Finished running node model.dbt_learn_repository.my_first_dbt_model
[0m09:52:54.925089 [debug] [Thread-2 (]: Began running node model.dbt_learn_repository.my_test_model
[0m09:52:54.925603 [info ] [Thread-2 (]: 3 of 9 START sql view model RAWLAYER.my_test_model ............................. [RUN]
[0m09:52:54.926180 [debug] [Thread-2 (]: Re-using an available connection from the pool (formerly model.dbt_learn_repository.my_first_dbt_model, now model.dbt_learn_repository.my_test_model)
[0m09:52:54.926669 [debug] [Thread-2 (]: Began compiling node model.dbt_learn_repository.my_test_model
[0m09:52:54.928768 [debug] [Thread-2 (]: Writing injected SQL for node "model.dbt_learn_repository.my_test_model"
[0m09:52:54.929412 [debug] [Thread-2 (]: Began executing node model.dbt_learn_repository.my_test_model
[0m09:52:54.931959 [debug] [Thread-2 (]: Writing runtime sql for node "model.dbt_learn_repository.my_test_model"
[0m09:52:54.932704 [debug] [Thread-2 (]: Using snowflake connection "model.dbt_learn_repository.my_test_model"
[0m09:52:54.932974 [debug] [Thread-2 (]: On model.dbt_learn_repository.my_test_model: create or replace   view DBT_DEMO.RAWLAYER.my_test_model
  
  
  
  
  as (
    select 'hello from VS code' as message
  )
/* {"app": "dbt", "dbt_version": "1.11.9", "profile_name": "dbt_learn_repository", "target_name": "dev", "node_id": "model.dbt_learn_repository.my_test_model"} */;
[0m09:52:55.105336 [debug] [Thread-2 (]: SQL status: SUCCESS 1 in 0.172 seconds
[0m09:52:55.111024 [debug] [Thread-2 (]: Sending event: {'category': 'dbt', 'action': 'run_model', 'label': '858ddac7-b79b-4e28-a2c8-9a7e294d89cd', 'context': [<snowplow_tracker.self_describing_json.SelfDescribingJson object at 0x129bd7ec0>]}
[0m09:52:55.111608 [info ] [Thread-2 (]: 3 of 9 OK created sql view model RAWLAYER.my_test_model ........................ [[32mSUCCESS 1[0m in 0.18s]
[0m09:52:55.112009 [debug] [Thread-2 (]: Finished running node model.dbt_learn_repository.my_test_model
[0m09:52:55.112268 [debug] [Thread-2 (]: Began running node model.dbt_learn_repository.nation
[0m09:52:55.112627 [info ] [Thread-2 (]: 4 of 9 START sql view model RAWLAYER.nation .................................... [RUN]
[0m09:52:55.112939 [debug] [Thread-2 (]: Re-using an available connection from the pool (formerly model.dbt_learn_repository.my_test_model, now model.dbt_learn_repository.nation)
[0m09:52:55.113159 [debug] [Thread-2 (]: Began compiling node model.dbt_learn_repository.nation
[0m09:52:55.114605 [debug] [Thread-2 (]: Writing injected SQL for node "model.dbt_learn_repository.nation"
[0m09:52:55.115112 [debug] [Thread-2 (]: Began executing node model.dbt_learn_repository.nation
[0m09:52:55.117102 [debug] [Thread-2 (]: Writing runtime sql for node "model.dbt_learn_repository.nation"
[0m09:52:55.117608 [debug] [Thread-2 (]: Using snowflake connection "model.dbt_learn_repository.nation"
[0m09:52:55.117805 [debug] [Thread-2 (]: On model.dbt_learn_repository.nation: create or replace   view DBT_DEMO.RAWLAYER.nation
  
  
  
  
  as (
    select *
from SNOWFLAKE_SAMPLE_DATA.TPCH_SF1.NATION
  )
/* {"app": "dbt", "dbt_version": "1.11.9", "profile_name": "dbt_learn_repository", "target_name": "dev", "node_id": "model.dbt_learn_repository.nation"} */;
[0m09:52:55.334614 [debug] [Thread-2 (]: SQL status: SUCCESS 1 in 0.216 seconds
[0m09:52:55.340222 [debug] [Thread-2 (]: Sending event: {'category': 'dbt', 'action': 'run_model', 'label': '858ddac7-b79b-4e28-a2c8-9a7e294d89cd', 'context': [<snowplow_tracker.self_describing_json.SelfDescribingJson object at 0x129be9340>]}
[0m09:52:55.341540 [info ] [Thread-2 (]: 4 of 9 OK created sql view model RAWLAYER.nation ............................... [[32mSUCCESS 1[0m in 0.23s]
[0m09:52:55.341944 [debug] [Thread-2 (]: Finished running node model.dbt_learn_repository.nation
[0m09:52:55.342160 [debug] [Thread-2 (]: Began running node model.dbt_learn_repository.orders
[0m09:52:55.342459 [info ] [Thread-2 (]: 5 of 9 START sql view model RAWLAYER.orders .................................... [RUN]
[0m09:52:55.342724 [debug] [Thread-2 (]: Re-using an available connection from the pool (formerly model.dbt_learn_repository.nation, now model.dbt_learn_repository.orders)
[0m09:52:55.342903 [debug] [Thread-2 (]: Began compiling node model.dbt_learn_repository.orders
[0m09:52:55.345186 [debug] [Thread-2 (]: Writing injected SQL for node "model.dbt_learn_repository.orders"
[0m09:52:55.345650 [debug] [Thread-2 (]: Began executing node model.dbt_learn_repository.orders
[0m09:52:55.347277 [debug] [Thread-2 (]: Writing runtime sql for node "model.dbt_learn_repository.orders"
[0m09:52:55.347743 [debug] [Thread-2 (]: Using snowflake connection "model.dbt_learn_repository.orders"
[0m09:52:55.348053 [debug] [Thread-2 (]: On model.dbt_learn_repository.orders: create or replace   view DBT_DEMO.RAWLAYER.orders
  
  
  
  
  as (
    select *
from SNOWFLAKE_SAMPLE_DATA.TPCH_SF1.ORDERS
  )
/* {"app": "dbt", "dbt_version": "1.11.9", "profile_name": "dbt_learn_repository", "target_name": "dev", "node_id": "model.dbt_learn_repository.orders"} */;
[0m09:52:55.640163 [debug] [Thread-2 (]: SQL status: SUCCESS 1 in 0.292 seconds
[0m09:52:55.644772 [debug] [Thread-2 (]: Sending event: {'category': 'dbt', 'action': 'run_model', 'label': '858ddac7-b79b-4e28-a2c8-9a7e294d89cd', 'context': [<snowplow_tracker.self_describing_json.SelfDescribingJson object at 0x129b99700>]}
[0m09:52:55.645636 [info ] [Thread-2 (]: 5 of 9 OK created sql view model RAWLAYER.orders ............................... [[32mSUCCESS 1[0m in 0.30s]
[0m09:52:55.646234 [debug] [Thread-2 (]: Finished running node model.dbt_learn_repository.orders
[0m09:52:55.646605 [debug] [Thread-2 (]: Began running node model.dbt_learn_repository.region
[0m09:52:55.647139 [info ] [Thread-2 (]: 6 of 9 START sql view model RAWLAYER.region .................................... [RUN]
[0m09:52:55.647655 [debug] [Thread-2 (]: Re-using an available connection from the pool (formerly model.dbt_learn_repository.orders, now model.dbt_learn_repository.region)
[0m09:52:55.648012 [debug] [Thread-2 (]: Began compiling node model.dbt_learn_repository.region
[0m09:52:55.651028 [debug] [Thread-2 (]: Writing injected SQL for node "model.dbt_learn_repository.region"
[0m09:52:55.651942 [debug] [Thread-2 (]: Began executing node model.dbt_learn_repository.region
[0m09:52:55.655265 [debug] [Thread-2 (]: Writing runtime sql for node "model.dbt_learn_repository.region"
[0m09:52:55.656356 [debug] [Thread-2 (]: Using snowflake connection "model.dbt_learn_repository.region"
[0m09:52:55.656782 [debug] [Thread-2 (]: On model.dbt_learn_repository.region: create or replace   view DBT_DEMO.RAWLAYER.region
  
  
  
  
  as (
    select *
from SNOWFLAKE_SAMPLE_DATA.TPCH_SF1.REGION
  )
/* {"app": "dbt", "dbt_version": "1.11.9", "profile_name": "dbt_learn_repository", "target_name": "dev", "node_id": "model.dbt_learn_repository.region"} */;
[0m09:52:55.933607 [debug] [Thread-2 (]: SQL status: SUCCESS 1 in 0.276 seconds
[0m09:52:55.937908 [debug] [Thread-2 (]: Sending event: {'category': 'dbt', 'action': 'run_model', 'label': '858ddac7-b79b-4e28-a2c8-9a7e294d89cd', 'context': [<snowplow_tracker.self_describing_json.SelfDescribingJson object at 0x129b98d40>]}
[0m09:52:55.938720 [info ] [Thread-2 (]: 6 of 9 OK created sql view model RAWLAYER.region ............................... [[32mSUCCESS 1[0m in 0.29s]
[0m09:52:55.939272 [debug] [Thread-2 (]: Finished running node model.dbt_learn_repository.region
[0m09:52:55.939655 [debug] [Thread-2 (]: Began running node model.dbt_learn_repository.remote_model
[0m09:52:55.940180 [info ] [Thread-2 (]: 7 of 9 START sql view model RAWLAYER.remote_model .............................. [RUN]
[0m09:52:55.940681 [debug] [Thread-2 (]: Re-using an available connection from the pool (formerly model.dbt_learn_repository.region, now model.dbt_learn_repository.remote_model)
[0m09:52:55.941031 [debug] [Thread-2 (]: Began compiling node model.dbt_learn_repository.remote_model
[0m09:52:55.943859 [debug] [Thread-2 (]: Writing injected SQL for node "model.dbt_learn_repository.remote_model"
[0m09:52:55.944767 [debug] [Thread-2 (]: Began executing node model.dbt_learn_repository.remote_model
[0m09:52:55.948018 [debug] [Thread-2 (]: Writing runtime sql for node "model.dbt_learn_repository.remote_model"
[0m09:52:55.949059 [debug] [Thread-2 (]: Using snowflake connection "model.dbt_learn_repository.remote_model"
[0m09:52:55.949437 [debug] [Thread-2 (]: On model.dbt_learn_repository.remote_model: create or replace   view DBT_DEMO.RAWLAYER.remote_model
  
  
  
  
  as (
    select 'hello from github' as message
  )
/* {"app": "dbt", "dbt_version": "1.11.9", "profile_name": "dbt_learn_repository", "target_name": "dev", "node_id": "model.dbt_learn_repository.remote_model"} */;
[0m09:52:56.254778 [debug] [Thread-2 (]: SQL status: SUCCESS 1 in 0.305 seconds
[0m09:52:56.260024 [debug] [Thread-2 (]: Sending event: {'category': 'dbt', 'action': 'run_model', 'label': '858ddac7-b79b-4e28-a2c8-9a7e294d89cd', 'context': [<snowplow_tracker.self_describing_json.SelfDescribingJson object at 0x129b9fc20>]}
[0m09:52:56.260930 [info ] [Thread-2 (]: 7 of 9 OK created sql view model RAWLAYER.remote_model ......................... [[32mSUCCESS 1[0m in 0.32s]
[0m09:52:56.261448 [debug] [Thread-2 (]: Finished running node model.dbt_learn_repository.remote_model
[0m09:52:56.261762 [debug] [Thread-2 (]: Began running node model.dbt_learn_repository.supplier
[0m09:52:56.262125 [info ] [Thread-2 (]: 8 of 9 START sql view model RAWLAYER.supplier .................................. [RUN]
[0m09:52:56.262446 [debug] [Thread-2 (]: Re-using an available connection from the pool (formerly model.dbt_learn_repository.remote_model, now model.dbt_learn_repository.supplier)
[0m09:52:56.262679 [debug] [Thread-2 (]: Began compiling node model.dbt_learn_repository.supplier
[0m09:52:56.264300 [debug] [Thread-2 (]: Writing injected SQL for node "model.dbt_learn_repository.supplier"
[0m09:52:56.264861 [debug] [Thread-2 (]: Began executing node model.dbt_learn_repository.supplier
[0m09:52:56.266683 [debug] [Thread-2 (]: Writing runtime sql for node "model.dbt_learn_repository.supplier"
[0m09:52:56.267206 [debug] [Thread-2 (]: Using snowflake connection "model.dbt_learn_repository.supplier"
[0m09:52:56.267405 [debug] [Thread-2 (]: On model.dbt_learn_repository.supplier: create or replace   view DBT_DEMO.RAWLAYER.supplier
  
  
  
  
  as (
    select *
from SNOWFLAKE_SAMPLE_DATA.TPCH_SF1.SUPPLIER
  )
/* {"app": "dbt", "dbt_version": "1.11.9", "profile_name": "dbt_learn_repository", "target_name": "dev", "node_id": "model.dbt_learn_repository.supplier"} */;
[0m09:52:56.477347 [debug] [Thread-2 (]: SQL status: SUCCESS 1 in 0.209 seconds
[0m09:52:56.481322 [debug] [Thread-2 (]: Sending event: {'category': 'dbt', 'action': 'run_model', 'label': '858ddac7-b79b-4e28-a2c8-9a7e294d89cd', 'context': [<snowplow_tracker.self_describing_json.SelfDescribingJson object at 0x129bbcb90>]}
[0m09:52:56.482123 [info ] [Thread-2 (]: 8 of 9 OK created sql view model RAWLAYER.supplier ............................. [[32mSUCCESS 1[0m in 0.22s]
[0m09:52:56.482673 [debug] [Thread-2 (]: Finished running node model.dbt_learn_repository.supplier
[0m09:52:56.483055 [debug] [Thread-2 (]: Began running node model.dbt_learn_repository.my_second_dbt_model
[0m09:52:56.483623 [info ] [Thread-2 (]: 9 of 9 START sql view model RAWLAYER.my_second_dbt_model ....................... [RUN]
[0m09:52:56.484193 [debug] [Thread-2 (]: Re-using an available connection from the pool (formerly model.dbt_learn_repository.supplier, now model.dbt_learn_repository.my_second_dbt_model)
[0m09:52:56.484582 [debug] [Thread-2 (]: Began compiling node model.dbt_learn_repository.my_second_dbt_model
[0m09:52:56.488989 [debug] [Thread-2 (]: Writing injected SQL for node "model.dbt_learn_repository.my_second_dbt_model"
[0m09:52:56.490022 [debug] [Thread-2 (]: Began executing node model.dbt_learn_repository.my_second_dbt_model
[0m09:52:56.496338 [debug] [Thread-2 (]: Writing runtime sql for node "model.dbt_learn_repository.my_second_dbt_model"
[0m09:52:56.497296 [debug] [Thread-2 (]: Using snowflake connection "model.dbt_learn_repository.my_second_dbt_model"
[0m09:52:56.497611 [debug] [Thread-2 (]: On model.dbt_learn_repository.my_second_dbt_model: create or replace   view DBT_DEMO.RAWLAYER.my_second_dbt_model
  
  
  
  
  as (
    -- Use the `ref` function to select from other models

select *
from DBT_DEMO.RAWLAYER.my_first_dbt_model
where id = 1
  )
/* {"app": "dbt", "dbt_version": "1.11.9", "profile_name": "dbt_learn_repository", "target_name": "dev", "node_id": "model.dbt_learn_repository.my_second_dbt_model"} */;
[0m09:52:56.670653 [debug] [Thread-2 (]: SQL status: SUCCESS 1 in 0.173 seconds
[0m09:52:56.674139 [debug] [Thread-2 (]: Sending event: {'category': 'dbt', 'action': 'run_model', 'label': '858ddac7-b79b-4e28-a2c8-9a7e294d89cd', 'context': [<snowplow_tracker.self_describing_json.SelfDescribingJson object at 0x129d26f30>]}
[0m09:52:56.674903 [info ] [Thread-2 (]: 9 of 9 OK created sql view model RAWLAYER.my_second_dbt_model .................. [[32mSUCCESS 1[0m in 0.19s]
[0m09:52:56.675453 [debug] [Thread-2 (]: Finished running node model.dbt_learn_repository.my_second_dbt_model
[0m09:52:56.676990 [debug] [MainThread]: Connection 'master' was properly closed.
[0m09:52:56.677350 [debug] [MainThread]: Connection 'model.dbt_learn_repository.my_second_dbt_model' was left open.
[0m09:52:56.677652 [debug] [MainThread]: On model.dbt_learn_repository.my_second_dbt_model: Close
[0m09:52:56.754611 [info ] [MainThread]: 
[0m09:52:56.755323 [info ] [MainThread]: Finished running 1 table model, 8 view models in 0 hours 0 minutes and 4.15 seconds (4.15s).
[0m09:52:56.757245 [debug] [MainThread]: Command end result
[0m09:52:56.824311 [debug] [MainThread]: Wrote artifact WritableManifest to /Users/srujan/dbt_learn/dbt_learn_repository/target/manifest.json
[0m09:52:56.825187 [debug] [MainThread]: Wrote artifact SemanticManifest to /Users/srujan/dbt_learn/dbt_learn_repository/target/semantic_manifest.json
[0m09:52:56.827679 [debug] [MainThread]: Wrote artifact RunExecutionResult to /Users/srujan/dbt_learn/dbt_learn_repository/target/run_results.json
[0m09:52:56.827799 [info ] [MainThread]: 
[0m09:52:56.827935 [info ] [MainThread]: [32mCompleted successfully[0m
[0m09:52:56.828030 [info ] [MainThread]: 
[0m09:52:56.828140 [info ] [MainThread]: Done. PASS=9 WARN=0 ERROR=0 SKIP=0 NO-OP=0 TOTAL=9
[0m09:52:56.830008 [debug] [MainThread]: Resource report: {"command_name": "run", "command_success": true, "command_wall_clock_time": 4.7713966, "process_in_blocks": "0", "process_kernel_time": 0.204426, "process_mem_max_rss": "171802624", "process_out_blocks": "0", "process_user_time": 1.262048}
[0m09:52:56.830223 [debug] [MainThread]: Command `dbt run` succeeded at 09:52:56.830181 after 4.77 seconds
[0m09:52:56.830368 [debug] [MainThread]: Sending event: {'category': 'dbt', 'action': 'invocation', 'label': 'end', 'context': [<snowplow_tracker.self_describing_json.SelfDescribingJson object at 0x11d3d9d30>, <snowplow_tracker.self_describing_json.SelfDescribingJson object at 0x11c81ac00>, <snowplow_tracker.self_describing_json.SelfDescribingJson object at 0x129a48ad0>]}
[0m09:52:56.830501 [debug] [MainThread]: Flushing usage events
[0m09:52:56.907308 [debug] [MainThread]: An error was encountered while trying to flush usage events
[0m10:02:37.459412 [debug] [MainThread]: Sending event: {'category': 'dbt', 'action': 'invocation', 'label': 'start', 'context': [<snowplow_tracker.self_describing_json.SelfDescribingJson object at 0x10401f2c0>, <snowplow_tracker.self_describing_json.SelfDescribingJson object at 0x104d4c5f0>, <snowplow_tracker.self_describing_json.SelfDescribingJson object at 0x104d4c380>]}


============================== 10:02:37.461990 | 282590d3-a95f-4d92-bf01-076e59775315 ==============================
[0m10:02:37.461990 [info ] [MainThread]: Running with dbt=1.11.9
[0m10:02:37.462277 [debug] [MainThread]: running dbt with arguments {'log_cache_events': 'False', 'partial_parse': 'True', 'debug': 'False', 'log_format': 'default', 'log_path': '/Users/srujan/dbt_learn/dbt_learn_repository/logs', 'invocation_command': 'dbt compile -s my_test_model', 'no_print': 'None', 'write_json': 'True', 'cache_selected_only': 'False', 'use_colors': 'True', 'warn_error_options': 'WarnErrorOptionsV2(error=[], warn=[], silence=[])', 'warn_error': 'None', 'use_experimental_parser': 'False', 'indirect_selection': 'eager', 'printer_width': '80', 'fail_fast': 'False', 'static_parser': 'True', 'profiles_dir': '/Users/srujan/.dbt', 'version_check': 'True', 'quiet': 'False', 'empty': 'False', 'send_anonymous_usage_stats': 'True', 'introspect': 'True', 'target_path': 'None'}
[0m10:02:37.650225 [debug] [MainThread]: Snowflake adapter: Setting snowflake.connector to ERROR (file logging only)
[0m10:02:37.650491 [debug] [MainThread]: Snowflake adapter: Setting botocore to ERROR (file logging only)
[0m10:02:37.650605 [debug] [MainThread]: Snowflake adapter: Setting boto3 to ERROR (file logging only)
[0m10:02:37.741985 [debug] [MainThread]: Sending event: {'category': 'dbt', 'action': 'project_id', 'label': '282590d3-a95f-4d92-bf01-076e59775315', 'context': [<snowplow_tracker.self_describing_json.SelfDescribingJson object at 0x1050d1760>]}
[0m10:02:37.762109 [debug] [MainThread]: Sending event: {'category': 'dbt', 'action': 'adapter_info', 'label': '282590d3-a95f-4d92-bf01-076e59775315', 'context': [<snowplow_tracker.self_describing_json.SelfDescribingJson object at 0x104d4fe00>]}
[0m10:02:37.762704 [info ] [MainThread]: Registered adapter: snowflake=1.11.4
[0m10:02:37.821130 [debug] [MainThread]: checksum: f8bb6a62265c70f2530bed05e52c2cee1c1844b101d398a67d5798350ab914c5, vars: {}, profile: , target: , version: 1.11.9
[0m10:02:37.867576 [info ] [MainThread]: Unable to do partial parsing because config vars, config profile, or config target have changed
[0m10:02:37.867792 [debug] [MainThread]: previous checksum: f8bb6a62265c70f2530bed05e52c2cee1c1844b101d398a67d5798350ab914c5, current checksum: a2a6c3ad70d97238cd4662b1abb61bcb7b07a15f9f2431ec5bf3dbb2eaaa5bac
[0m10:02:37.867936 [debug] [MainThread]: Sending event: {'category': 'dbt', 'action': 'partial_parser', 'label': '282590d3-a95f-4d92-bf01-076e59775315', 'context': [<snowplow_tracker.self_describing_json.SelfDescribingJson object at 0x1062273b0>]}
[0m10:02:38.333274 [debug] [MainThread]: Sending event: {'category': 'dbt', 'action': 'load_project', 'label': '282590d3-a95f-4d92-bf01-076e59775315', 'context': [<snowplow_tracker.self_describing_json.SelfDescribingJson object at 0x104cb0470>]}
[0m10:02:38.362002 [debug] [MainThread]: Wrote artifact WritableManifest to /Users/srujan/dbt_learn/dbt_learn_repository/target/manifest.json
[0m10:02:38.363502 [debug] [MainThread]: Wrote artifact SemanticManifest to /Users/srujan/dbt_learn/dbt_learn_repository/target/semantic_manifest.json
[0m10:02:38.368092 [debug] [MainThread]: Sending event: {'category': 'dbt', 'action': 'resource_counts', 'label': '282590d3-a95f-4d92-bf01-076e59775315', 'context': [<snowplow_tracker.self_describing_json.SelfDescribingJson object at 0x1062d1b20>]}
[0m10:02:38.368282 [info ] [MainThread]: Found 9 models, 4 data tests, 525 macros
[0m10:02:38.368404 [debug] [MainThread]: Sending event: {'category': 'dbt', 'action': 'runnable_timing', 'label': '282590d3-a95f-4d92-bf01-076e59775315', 'context': [<snowplow_tracker.self_describing_json.SelfDescribingJson object at 0x103220fb0>]}
[0m10:02:38.368985 [info ] [MainThread]: 
[0m10:02:38.369103 [info ] [MainThread]: Concurrency: 1 threads (target='dev')
[0m10:02:38.369194 [info ] [MainThread]: 
[0m10:02:38.369359 [debug] [MainThread]: Acquiring new snowflake connection 'master'
[0m10:02:38.370957 [debug] [ThreadPool]: Acquiring new snowflake connection 'list_DBT_DEMO_RAWLAYER_PUBLIC'
[0m10:02:38.399426 [debug] [ThreadPool]: Using snowflake connection "list_DBT_DEMO_RAWLAYER_PUBLIC"
[0m10:02:38.399626 [debug] [ThreadPool]: On list_DBT_DEMO_RAWLAYER_PUBLIC: show objects in DBT_DEMO.RAWLAYER_PUBLIC
    limit 10000
    

/* {"app": "dbt", "dbt_version": "1.11.9", "profile_name": "dbt_learn_repository", "target_name": "dev", "connection_name": "list_DBT_DEMO_RAWLAYER_PUBLIC"} */;
[0m10:02:38.399740 [debug] [ThreadPool]: Opening a new connection, currently in state init
[0m10:02:39.756348 [debug] [ThreadPool]: Snowflake adapter: Snowflake query id: 01c44c4a-0001-9c5e-001c-065f00017f56
[0m10:02:39.757171 [debug] [ThreadPool]: Snowflake adapter: Snowflake error: 002043 (02000): SQL compilation error:
Object does not exist, or operation cannot be performed.
[0m10:02:39.757734 [debug] [ThreadPool]: Snowflake adapter: Error running SQL: macro list_relations_without_caching
[0m10:02:39.758142 [debug] [ThreadPool]: Snowflake adapter: Rolling back transaction.
[0m10:02:39.758873 [debug] [ThreadPool]: Re-using an available connection from the pool (formerly list_DBT_DEMO_RAWLAYER_PUBLIC, now list_DBT_DEMO_RAWLAYER)
[0m10:02:39.762981 [debug] [ThreadPool]: Using snowflake connection "list_DBT_DEMO_RAWLAYER"
[0m10:02:39.763404 [debug] [ThreadPool]: On list_DBT_DEMO_RAWLAYER: show objects in DBT_DEMO.RAWLAYER
    limit 10000
    

/* {"app": "dbt", "dbt_version": "1.11.9", "profile_name": "dbt_learn_repository", "target_name": "dev", "connection_name": "list_DBT_DEMO_RAWLAYER"} */;
[0m10:02:40.129746 [debug] [ThreadPool]: SQL status: SUCCESS 6 in 0.366 seconds
[0m10:02:40.134100 [debug] [MainThread]: Sending event: {'category': 'dbt', 'action': 'runnable_timing', 'label': '282590d3-a95f-4d92-bf01-076e59775315', 'context': [<snowplow_tracker.self_describing_json.SelfDescribingJson object at 0x103f5ea20>]}
[0m10:02:40.137191 [debug] [Thread-2 (]: Began running node model.dbt_learn_repository.my_test_model
[0m10:02:40.137649 [debug] [Thread-2 (]: Re-using an available connection from the pool (formerly list_DBT_DEMO_RAWLAYER, now model.dbt_learn_repository.my_test_model)
[0m10:02:40.137986 [debug] [Thread-2 (]: Began compiling node model.dbt_learn_repository.my_test_model
[0m10:02:40.146656 [debug] [Thread-2 (]: Writing injected SQL for node "model.dbt_learn_repository.my_test_model"
[0m10:02:40.147808 [debug] [Thread-2 (]: Began executing node model.dbt_learn_repository.my_test_model
[0m10:02:40.148412 [debug] [Thread-2 (]: Finished running node model.dbt_learn_repository.my_test_model
[0m10:02:40.149188 [debug] [MainThread]: Connection 'master' was properly closed.
[0m10:02:40.149415 [debug] [MainThread]: Connection 'model.dbt_learn_repository.my_test_model' was left open.
[0m10:02:40.149632 [debug] [MainThread]: On model.dbt_learn_repository.my_test_model: Close
[0m10:02:40.231167 [debug] [MainThread]: Command end result
[0m10:02:40.255385 [debug] [MainThread]: Wrote artifact WritableManifest to /Users/srujan/dbt_learn/dbt_learn_repository/target/manifest.json
[0m10:02:40.256373 [debug] [MainThread]: Wrote artifact SemanticManifest to /Users/srujan/dbt_learn/dbt_learn_repository/target/semantic_manifest.json
[0m10:02:40.259658 [debug] [MainThread]: Wrote artifact RunExecutionResult to /Users/srujan/dbt_learn/dbt_learn_repository/target/run_results.json
[0m10:02:40.259830 [info ] [MainThread]: Compiled node 'my_test_model' is:


select 'hello from VS code' as message
[0m10:02:40.261955 [debug] [MainThread]: Resource report: {"command_name": "compile", "command_success": true, "command_wall_clock_time": 2.8339734, "process_in_blocks": "0", "process_kernel_time": 0.198098, "process_mem_max_rss": "170852352", "process_out_blocks": "0", "process_user_time": 1.336414}
[0m10:02:40.262171 [debug] [MainThread]: Command `dbt compile` succeeded at 10:02:40.262129 after 2.83 seconds
[0m10:02:40.262336 [debug] [MainThread]: Sending event: {'category': 'dbt', 'action': 'invocation', 'label': 'end', 'context': [<snowplow_tracker.self_describing_json.SelfDescribingJson object at 0x104c68ef0>, <snowplow_tracker.self_describing_json.SelfDescribingJson object at 0x104bb0620>, <snowplow_tracker.self_describing_json.SelfDescribingJson object at 0x1044959d0>]}
[0m10:02:40.262500 [debug] [MainThread]: Flushing usage events
[0m10:02:40.420894 [debug] [MainThread]: An error was encountered while trying to flush usage events
[0m10:03:03.349145 [debug] [MainThread]: Sending event: {'category': 'dbt', 'action': 'invocation', 'label': 'start', 'context': [<snowplow_tracker.self_describing_json.SelfDescribingJson object at 0x1091fe2d0>, <snowplow_tracker.self_describing_json.SelfDescribingJson object at 0x1088e8bc0>, <snowplow_tracker.self_describing_json.SelfDescribingJson object at 0x109900680>]}


============================== 10:03:03.351657 | cccb03fe-6b41-4756-9d7e-a52ae484684f ==============================
[0m10:03:03.351657 [info ] [MainThread]: Running with dbt=1.11.9
[0m10:03:03.351883 [debug] [MainThread]: running dbt with arguments {'indirect_selection': 'eager', 'no_print': 'None', 'invocation_command': 'dbt run -s my_test_model --target dev', 'warn_error': 'None', 'introspect': 'True', 'target_path': 'None', 'log_path': '/Users/srujan/dbt_learn/dbt_learn_repository/logs', 'use_experimental_parser': 'False', 'cache_selected_only': 'False', 'send_anonymous_usage_stats': 'True', 'printer_width': '80', 'quiet': 'False', 'empty': 'False', 'log_cache_events': 'False', 'warn_error_options': 'WarnErrorOptionsV2(error=[], warn=[], silence=[])', 'version_check': 'True', 'write_json': 'True', 'static_parser': 'True', 'debug': 'False', 'use_colors': 'True', 'profiles_dir': '/Users/srujan/.dbt', 'partial_parse': 'True', 'fail_fast': 'False', 'log_format': 'default'}
[0m10:03:03.530088 [debug] [MainThread]: Snowflake adapter: Setting snowflake.connector to ERROR (file logging only)
[0m10:03:03.530339 [debug] [MainThread]: Snowflake adapter: Setting botocore to ERROR (file logging only)
[0m10:03:03.530441 [debug] [MainThread]: Snowflake adapter: Setting boto3 to ERROR (file logging only)
[0m10:03:03.611035 [debug] [MainThread]: Sending event: {'category': 'dbt', 'action': 'project_id', 'label': 'cccb03fe-6b41-4756-9d7e-a52ae484684f', 'context': [<snowplow_tracker.self_describing_json.SelfDescribingJson object at 0x106e2a6c0>]}
[0m10:03:03.630492 [debug] [MainThread]: Sending event: {'category': 'dbt', 'action': 'adapter_info', 'label': 'cccb03fe-6b41-4756-9d7e-a52ae484684f', 'context': [<snowplow_tracker.self_describing_json.SelfDescribingJson object at 0x10a151bb0>]}
[0m10:03:03.631585 [info ] [MainThread]: Registered adapter: snowflake=1.11.4
[0m10:03:03.681746 [debug] [MainThread]: checksum: a2a6c3ad70d97238cd4662b1abb61bcb7b07a15f9f2431ec5bf3dbb2eaaa5bac, vars: {}, profile: , target: dev, version: 1.11.9
[0m10:03:03.715394 [info ] [MainThread]: Unable to do partial parsing because config vars, config profile, or config target have changed
[0m10:03:03.715606 [debug] [MainThread]: previous checksum: a2a6c3ad70d97238cd4662b1abb61bcb7b07a15f9f2431ec5bf3dbb2eaaa5bac, current checksum: f8bb6a62265c70f2530bed05e52c2cee1c1844b101d398a67d5798350ab914c5
[0m10:03:03.715744 [debug] [MainThread]: Sending event: {'category': 'dbt', 'action': 'partial_parser', 'label': 'cccb03fe-6b41-4756-9d7e-a52ae484684f', 'context': [<snowplow_tracker.self_describing_json.SelfDescribingJson object at 0x1091fddf0>]}
[0m10:03:04.175665 [debug] [MainThread]: Sending event: {'category': 'dbt', 'action': 'load_project', 'label': 'cccb03fe-6b41-4756-9d7e-a52ae484684f', 'context': [<snowplow_tracker.self_describing_json.SelfDescribingJson object at 0x106f3c3b0>]}
[0m10:03:04.202688 [debug] [MainThread]: Wrote artifact WritableManifest to /Users/srujan/dbt_learn/dbt_learn_repository/target/manifest.json
[0m10:03:04.203708 [debug] [MainThread]: Wrote artifact SemanticManifest to /Users/srujan/dbt_learn/dbt_learn_repository/target/semantic_manifest.json
[0m10:03:04.208316 [debug] [MainThread]: Sending event: {'category': 'dbt', 'action': 'resource_counts', 'label': 'cccb03fe-6b41-4756-9d7e-a52ae484684f', 'context': [<snowplow_tracker.self_describing_json.SelfDescribingJson object at 0x10ae4d580>]}
[0m10:03:04.208488 [info ] [MainThread]: Found 9 models, 4 data tests, 525 macros
[0m10:03:04.208605 [debug] [MainThread]: Sending event: {'category': 'dbt', 'action': 'runnable_timing', 'label': 'cccb03fe-6b41-4756-9d7e-a52ae484684f', 'context': [<snowplow_tracker.self_describing_json.SelfDescribingJson object at 0x10ae55100>]}
[0m10:03:04.209164 [info ] [MainThread]: 
[0m10:03:04.209276 [info ] [MainThread]: Concurrency: 1 threads (target='dev')
[0m10:03:04.209363 [info ] [MainThread]: 
[0m10:03:04.209520 [debug] [MainThread]: Acquiring new snowflake connection 'master'
[0m10:03:04.209820 [debug] [ThreadPool]: Acquiring new snowflake connection 'list_DBT_DEMO'
[0m10:03:04.235736 [debug] [ThreadPool]: Using snowflake connection "list_DBT_DEMO"
[0m10:03:04.235905 [debug] [ThreadPool]: On list_DBT_DEMO: show terse schemas in database DBT_DEMO
    limit 10000
/* {"app": "dbt", "dbt_version": "1.11.9", "profile_name": "dbt_learn_repository", "target_name": "dev", "connection_name": "list_DBT_DEMO"} */
[0m10:03:04.236000 [debug] [ThreadPool]: Opening a new connection, currently in state init
[0m10:03:06.767499 [debug] [ThreadPool]: SQL status: SUCCESS 3 in 2.531 seconds
[0m10:03:06.770311 [debug] [ThreadPool]: Re-using an available connection from the pool (formerly list_DBT_DEMO, now create_DBT_DEMO_RAWLAYER_PUBLIC)
[0m10:03:06.770856 [debug] [ThreadPool]: Creating schema "database: "DBT_DEMO"
schema: "RAWLAYER_PUBLIC"
"
[0m10:03:06.777751 [debug] [ThreadPool]: Using snowflake connection "create_DBT_DEMO_RAWLAYER_PUBLIC"
[0m10:03:06.778221 [debug] [ThreadPool]: On create_DBT_DEMO_RAWLAYER_PUBLIC: create schema if not exists DBT_DEMO.RAWLAYER_PUBLIC
/* {"app": "dbt", "dbt_version": "1.11.9", "profile_name": "dbt_learn_repository", "target_name": "dev", "connection_name": "create_DBT_DEMO_RAWLAYER_PUBLIC"} */
[0m10:03:06.866267 [debug] [ThreadPool]: SQL status: SUCCESS 1 in 0.088 seconds
[0m10:03:06.873999 [debug] [ThreadPool]: Re-using an available connection from the pool (formerly create_DBT_DEMO_RAWLAYER_PUBLIC, now list_DBT_DEMO_RAWLAYER)
[0m10:03:06.885490 [debug] [ThreadPool]: Using snowflake connection "list_DBT_DEMO_RAWLAYER"
[0m10:03:06.885724 [debug] [ThreadPool]: On list_DBT_DEMO_RAWLAYER: show objects in DBT_DEMO.RAWLAYER
    limit 10000
    

/* {"app": "dbt", "dbt_version": "1.11.9", "profile_name": "dbt_learn_repository", "target_name": "dev", "connection_name": "list_DBT_DEMO_RAWLAYER"} */;
[0m10:03:07.028214 [debug] [ThreadPool]: SQL status: SUCCESS 6 in 0.142 seconds
[0m10:03:07.032936 [debug] [ThreadPool]: Re-using an available connection from the pool (formerly list_DBT_DEMO_RAWLAYER, now list_DBT_DEMO_RAWLAYER_PUBLIC)
[0m10:03:07.035798 [debug] [ThreadPool]: Using snowflake connection "list_DBT_DEMO_RAWLAYER_PUBLIC"
[0m10:03:07.036049 [debug] [ThreadPool]: On list_DBT_DEMO_RAWLAYER_PUBLIC: show objects in DBT_DEMO.RAWLAYER_PUBLIC
    limit 10000
    

/* {"app": "dbt", "dbt_version": "1.11.9", "profile_name": "dbt_learn_repository", "target_name": "dev", "connection_name": "list_DBT_DEMO_RAWLAYER_PUBLIC"} */;
[0m10:03:07.129138 [debug] [ThreadPool]: SQL status: SUCCESS 0 in 0.093 seconds
[0m10:03:07.131883 [debug] [MainThread]: Sending event: {'category': 'dbt', 'action': 'runnable_timing', 'label': 'cccb03fe-6b41-4756-9d7e-a52ae484684f', 'context': [<snowplow_tracker.self_describing_json.SelfDescribingJson object at 0x10ad59ee0>]}
[0m10:03:07.136095 [debug] [Thread-2 (]: Began running node model.dbt_learn_repository.my_test_model
[0m10:03:07.136778 [info ] [Thread-2 (]: 1 of 1 START sql view model RAWLAYER_PUBLIC.my_test_model ...................... [RUN]
[0m10:03:07.137618 [debug] [Thread-2 (]: Re-using an available connection from the pool (formerly list_DBT_DEMO_RAWLAYER_PUBLIC, now model.dbt_learn_repository.my_test_model)
[0m10:03:07.137980 [debug] [Thread-2 (]: Began compiling node model.dbt_learn_repository.my_test_model
[0m10:03:07.145807 [debug] [Thread-2 (]: Writing injected SQL for node "model.dbt_learn_repository.my_test_model"
[0m10:03:07.146658 [debug] [Thread-2 (]: Began executing node model.dbt_learn_repository.my_test_model
[0m10:03:07.167652 [debug] [Thread-2 (]: Writing runtime sql for node "model.dbt_learn_repository.my_test_model"
[0m10:03:07.168342 [debug] [Thread-2 (]: Using snowflake connection "model.dbt_learn_repository.my_test_model"
[0m10:03:07.168560 [debug] [Thread-2 (]: On model.dbt_learn_repository.my_test_model: create or replace   view DBT_DEMO.RAWLAYER_PUBLIC.my_test_model
  
  
  
  
  as (
    

select 'hello from VS code' as message
  )
/* {"app": "dbt", "dbt_version": "1.11.9", "profile_name": "dbt_learn_repository", "target_name": "dev", "node_id": "model.dbt_learn_repository.my_test_model"} */;
[0m10:03:07.487211 [debug] [Thread-2 (]: SQL status: SUCCESS 1 in 0.318 seconds
[0m10:03:07.514751 [debug] [Thread-2 (]: Sending event: {'category': 'dbt', 'action': 'run_model', 'label': 'cccb03fe-6b41-4756-9d7e-a52ae484684f', 'context': [<snowplow_tracker.self_describing_json.SelfDescribingJson object at 0x109910920>]}
[0m10:03:07.515286 [info ] [Thread-2 (]: 1 of 1 OK created sql view model RAWLAYER_PUBLIC.my_test_model ................. [[32mSUCCESS 1[0m in 0.38s]
[0m10:03:07.515698 [debug] [Thread-2 (]: Finished running node model.dbt_learn_repository.my_test_model
[0m10:03:07.516800 [debug] [MainThread]: Connection 'master' was properly closed.
[0m10:03:07.517086 [debug] [MainThread]: Connection 'model.dbt_learn_repository.my_test_model' was left open.
[0m10:03:07.517299 [debug] [MainThread]: On model.dbt_learn_repository.my_test_model: Close
[0m10:03:07.593636 [info ] [MainThread]: 
[0m10:03:07.594228 [info ] [MainThread]: Finished running 1 view model in 0 hours 0 minutes and 3.38 seconds (3.38s).
[0m10:03:07.594960 [debug] [MainThread]: Command end result
[0m10:03:07.617293 [debug] [MainThread]: Wrote artifact WritableManifest to /Users/srujan/dbt_learn/dbt_learn_repository/target/manifest.json
[0m10:03:07.618405 [debug] [MainThread]: Wrote artifact SemanticManifest to /Users/srujan/dbt_learn/dbt_learn_repository/target/semantic_manifest.json
[0m10:03:07.621360 [debug] [MainThread]: Wrote artifact RunExecutionResult to /Users/srujan/dbt_learn/dbt_learn_repository/target/run_results.json
[0m10:03:07.621515 [info ] [MainThread]: 
[0m10:03:07.621691 [info ] [MainThread]: [32mCompleted successfully[0m
[0m10:03:07.621821 [info ] [MainThread]: 
[0m10:03:07.621966 [info ] [MainThread]: Done. PASS=1 WARN=0 ERROR=0 SKIP=0 NO-OP=0 TOTAL=1
[0m10:03:07.624184 [debug] [MainThread]: Resource report: {"command_name": "run", "command_success": true, "command_wall_clock_time": 4.304601, "process_in_blocks": "0", "process_kernel_time": 0.196302, "process_mem_max_rss": "169082880", "process_out_blocks": "0", "process_user_time": 1.373626}
[0m10:03:07.624445 [debug] [MainThread]: Command `dbt run` succeeded at 10:03:07.624396 after 4.30 seconds
[0m10:03:07.624633 [debug] [MainThread]: Sending event: {'category': 'dbt', 'action': 'invocation', 'label': 'end', 'context': [<snowplow_tracker.self_describing_json.SelfDescribingJson object at 0x1088e8bc0>, <snowplow_tracker.self_describing_json.SelfDescribingJson object at 0x10bcdbe60>, <snowplow_tracker.self_describing_json.SelfDescribingJson object at 0x106c10ec0>]}
[0m10:03:07.624815 [debug] [MainThread]: Flushing usage events
[0m10:03:07.693817 [debug] [MainThread]: An error was encountered while trying to flush usage events
[0m10:07:33.411169 [debug] [MainThread]: Sending event: {'category': 'dbt', 'action': 'invocation', 'label': 'start', 'context': [<snowplow_tracker.self_describing_json.SelfDescribingJson object at 0x106c4e2d0>, <snowplow_tracker.self_describing_json.SelfDescribingJson object at 0x107a04860>, <snowplow_tracker.self_describing_json.SelfDescribingJson object at 0x107a045f0>]}


============================== 10:07:33.413609 | e52a3604-39ff-4de6-bad2-e3493fe2ef4f ==============================
[0m10:07:33.413609 [info ] [MainThread]: Running with dbt=1.11.9
[0m10:07:33.413837 [debug] [MainThread]: running dbt with arguments {'partial_parse': 'True', 'printer_width': '80', 'invocation_command': 'dbt run -s my_test_model --target dev', 'send_anonymous_usage_stats': 'True', 'log_cache_events': 'False', 'cache_selected_only': 'False', 'version_check': 'True', 'debug': 'False', 'warn_error_options': 'WarnErrorOptionsV2(error=[], warn=[], silence=[])', 'quiet': 'False', 'profiles_dir': '/Users/srujan/.dbt', 'write_json': 'True', 'no_print': 'None', 'target_path': 'None', 'log_format': 'default', 'introspect': 'True', 'use_colors': 'True', 'use_experimental_parser': 'False', 'log_path': '/Users/srujan/dbt_learn/dbt_learn_repository/logs', 'fail_fast': 'False', 'warn_error': 'None', 'empty': 'False', 'static_parser': 'True', 'indirect_selection': 'eager'}
[0m10:07:33.594367 [debug] [MainThread]: Snowflake adapter: Setting snowflake.connector to ERROR (file logging only)
[0m10:07:33.594587 [debug] [MainThread]: Snowflake adapter: Setting botocore to ERROR (file logging only)
[0m10:07:33.594691 [debug] [MainThread]: Snowflake adapter: Setting boto3 to ERROR (file logging only)
[0m10:07:33.680488 [debug] [MainThread]: Sending event: {'category': 'dbt', 'action': 'project_id', 'label': 'e52a3604-39ff-4de6-bad2-e3493fe2ef4f', 'context': [<snowplow_tracker.self_describing_json.SelfDescribingJson object at 0x108552a20>]}
[0m10:07:33.700023 [debug] [MainThread]: Sending event: {'category': 'dbt', 'action': 'adapter_info', 'label': 'e52a3604-39ff-4de6-bad2-e3493fe2ef4f', 'context': [<snowplow_tracker.self_describing_json.SelfDescribingJson object at 0x107d19c70>]}
[0m10:07:33.700526 [info ] [MainThread]: Registered adapter: snowflake=1.11.4
[0m10:07:33.748953 [debug] [MainThread]: checksum: a2a6c3ad70d97238cd4662b1abb61bcb7b07a15f9f2431ec5bf3dbb2eaaa5bac, vars: {}, profile: , target: dev, version: 1.11.9
[0m10:07:33.819309 [debug] [MainThread]: Partial parsing enabled: 0 files deleted, 1 files added, 0 files changed.
[0m10:07:33.819549 [debug] [MainThread]: Partial parsing: added file: dbt_learn_repository://macros/generate_schema_name.sql
[0m10:07:33.820424 [info ] [MainThread]: Unable to do partial parsing because change detected to override macro. Starting full parse.
[0m10:07:34.245712 [debug] [MainThread]: Sending event: {'category': 'dbt', 'action': 'load_project', 'label': 'e52a3604-39ff-4de6-bad2-e3493fe2ef4f', 'context': [<snowplow_tracker.self_describing_json.SelfDescribingJson object at 0x108e97cb0>]}
[0m10:07:34.273542 [debug] [MainThread]: Wrote artifact WritableManifest to /Users/srujan/dbt_learn/dbt_learn_repository/target/manifest.json
[0m10:07:34.275458 [debug] [MainThread]: Wrote artifact SemanticManifest to /Users/srujan/dbt_learn/dbt_learn_repository/target/semantic_manifest.json
[0m10:07:34.280540 [debug] [MainThread]: Sending event: {'category': 'dbt', 'action': 'resource_counts', 'label': 'e52a3604-39ff-4de6-bad2-e3493fe2ef4f', 'context': [<snowplow_tracker.self_describing_json.SelfDescribingJson object at 0x109d918b0>]}
[0m10:07:34.280717 [info ] [MainThread]: Found 9 models, 4 data tests, 526 macros
[0m10:07:34.280839 [debug] [MainThread]: Sending event: {'category': 'dbt', 'action': 'runnable_timing', 'label': 'e52a3604-39ff-4de6-bad2-e3493fe2ef4f', 'context': [<snowplow_tracker.self_describing_json.SelfDescribingJson object at 0x1051881a0>]}
[0m10:07:34.281412 [info ] [MainThread]: 
[0m10:07:34.281535 [info ] [MainThread]: Concurrency: 1 threads (target='dev')
[0m10:07:34.281630 [info ] [MainThread]: 
[0m10:07:34.281795 [debug] [MainThread]: Acquiring new snowflake connection 'master'
[0m10:07:34.282104 [debug] [ThreadPool]: Acquiring new snowflake connection 'list_DBT_DEMO'
[0m10:07:34.307087 [debug] [ThreadPool]: Using snowflake connection "list_DBT_DEMO"
[0m10:07:34.307242 [debug] [ThreadPool]: On list_DBT_DEMO: show terse schemas in database DBT_DEMO
    limit 10000
/* {"app": "dbt", "dbt_version": "1.11.9", "profile_name": "dbt_learn_repository", "target_name": "dev", "connection_name": "list_DBT_DEMO"} */
[0m10:07:34.307334 [debug] [ThreadPool]: Opening a new connection, currently in state init
[0m10:07:35.525274 [debug] [ThreadPool]: SQL status: SUCCESS 4 in 1.218 seconds
[0m10:07:35.529262 [debug] [ThreadPool]: Re-using an available connection from the pool (formerly list_DBT_DEMO, now list_DBT_DEMO_RAWLAYER)
[0m10:07:35.536218 [debug] [ThreadPool]: Using snowflake connection "list_DBT_DEMO_RAWLAYER"
[0m10:07:35.536406 [debug] [ThreadPool]: On list_DBT_DEMO_RAWLAYER: show objects in DBT_DEMO.RAWLAYER
    limit 10000
    

/* {"app": "dbt", "dbt_version": "1.11.9", "profile_name": "dbt_learn_repository", "target_name": "dev", "connection_name": "list_DBT_DEMO_RAWLAYER"} */;
[0m10:07:35.662520 [debug] [ThreadPool]: SQL status: SUCCESS 6 in 0.126 seconds
[0m10:07:35.665798 [debug] [ThreadPool]: Re-using an available connection from the pool (formerly list_DBT_DEMO_RAWLAYER, now list_DBT_DEMO_PUBLIC)
[0m10:07:35.670194 [debug] [ThreadPool]: Using snowflake connection "list_DBT_DEMO_PUBLIC"
[0m10:07:35.670581 [debug] [ThreadPool]: On list_DBT_DEMO_PUBLIC: show objects in DBT_DEMO.PUBLIC
    limit 10000
    

/* {"app": "dbt", "dbt_version": "1.11.9", "profile_name": "dbt_learn_repository", "target_name": "dev", "connection_name": "list_DBT_DEMO_PUBLIC"} */;
[0m10:07:35.843917 [debug] [ThreadPool]: SQL status: SUCCESS 2 in 0.173 seconds
[0m10:07:35.846128 [debug] [MainThread]: Sending event: {'category': 'dbt', 'action': 'runnable_timing', 'label': 'e52a3604-39ff-4de6-bad2-e3493fe2ef4f', 'context': [<snowplow_tracker.self_describing_json.SelfDescribingJson object at 0x1051b5b50>]}
[0m10:07:35.850725 [debug] [Thread-2 (]: Began running node model.dbt_learn_repository.my_test_model
[0m10:07:35.851121 [info ] [Thread-2 (]: 1 of 1 START sql view model PUBLIC.my_test_model ............................... [RUN]
[0m10:07:35.851448 [debug] [Thread-2 (]: Re-using an available connection from the pool (formerly list_DBT_DEMO_PUBLIC, now model.dbt_learn_repository.my_test_model)
[0m10:07:35.851647 [debug] [Thread-2 (]: Began compiling node model.dbt_learn_repository.my_test_model
[0m10:07:35.858022 [debug] [Thread-2 (]: Writing injected SQL for node "model.dbt_learn_repository.my_test_model"
[0m10:07:35.858917 [debug] [Thread-2 (]: Began executing node model.dbt_learn_repository.my_test_model
[0m10:07:35.874305 [debug] [Thread-2 (]: Writing runtime sql for node "model.dbt_learn_repository.my_test_model"
[0m10:07:35.874894 [debug] [Thread-2 (]: Using snowflake connection "model.dbt_learn_repository.my_test_model"
[0m10:07:35.875077 [debug] [Thread-2 (]: On model.dbt_learn_repository.my_test_model: create or replace   view DBT_DEMO.PUBLIC.my_test_model
  
  
  
  
  as (
    

select 'hello from VS code' as message
  )
/* {"app": "dbt", "dbt_version": "1.11.9", "profile_name": "dbt_learn_repository", "target_name": "dev", "node_id": "model.dbt_learn_repository.my_test_model"} */;
[0m10:07:36.075183 [debug] [Thread-2 (]: SQL status: SUCCESS 1 in 0.200 seconds
[0m10:07:36.100905 [debug] [Thread-2 (]: Sending event: {'category': 'dbt', 'action': 'run_model', 'label': 'e52a3604-39ff-4de6-bad2-e3493fe2ef4f', 'context': [<snowplow_tracker.self_describing_json.SelfDescribingJson object at 0x107a18710>]}
[0m10:07:36.101454 [info ] [Thread-2 (]: 1 of 1 OK created sql view model PUBLIC.my_test_model .......................... [[32mSUCCESS 1[0m in 0.25s]
[0m10:07:36.101875 [debug] [Thread-2 (]: Finished running node model.dbt_learn_repository.my_test_model
[0m10:07:36.102790 [debug] [MainThread]: Connection 'master' was properly closed.
[0m10:07:36.103030 [debug] [MainThread]: Connection 'model.dbt_learn_repository.my_test_model' was left open.
[0m10:07:36.103223 [debug] [MainThread]: On model.dbt_learn_repository.my_test_model: Close
[0m10:07:36.164449 [info ] [MainThread]: 
[0m10:07:36.164846 [info ] [MainThread]: Finished running 1 view model in 0 hours 0 minutes and 1.88 seconds (1.88s).
[0m10:07:36.165407 [debug] [MainThread]: Command end result
[0m10:07:36.187063 [debug] [MainThread]: Wrote artifact WritableManifest to /Users/srujan/dbt_learn/dbt_learn_repository/target/manifest.json
[0m10:07:36.188175 [debug] [MainThread]: Wrote artifact SemanticManifest to /Users/srujan/dbt_learn/dbt_learn_repository/target/semantic_manifest.json
[0m10:07:36.191020 [debug] [MainThread]: Wrote artifact RunExecutionResult to /Users/srujan/dbt_learn/dbt_learn_repository/target/run_results.json
[0m10:07:36.191175 [info ] [MainThread]: 
[0m10:07:36.191358 [info ] [MainThread]: [32mCompleted successfully[0m
[0m10:07:36.191497 [info ] [MainThread]: 
[0m10:07:36.191646 [info ] [MainThread]: Done. PASS=1 WARN=0 ERROR=0 SKIP=0 NO-OP=0 TOTAL=1
[0m10:07:36.193781 [debug] [MainThread]: Resource report: {"command_name": "run", "command_success": true, "command_wall_clock_time": 2.812969, "process_in_blocks": "0", "process_kernel_time": 0.198709, "process_mem_max_rss": "169721856", "process_out_blocks": "0", "process_user_time": 1.342039}
[0m10:07:36.193984 [debug] [MainThread]: Command `dbt run` succeeded at 10:07:36.193942 after 2.81 seconds
[0m10:07:36.194142 [debug] [MainThread]: Sending event: {'category': 'dbt', 'action': 'invocation', 'label': 'end', 'context': [<snowplow_tracker.self_describing_json.SelfDescribingJson object at 0x1077c9100>, <snowplow_tracker.self_describing_json.SelfDescribingJson object at 0x109c8af90>, <snowplow_tracker.self_describing_json.SelfDescribingJson object at 0x106c4c140>]}
[0m10:07:36.194295 [debug] [MainThread]: Flushing usage events
[0m10:07:36.386891 [debug] [MainThread]: An error was encountered while trying to flush usage events
[0m10:39:27.202953 [debug] [MainThread]: Sending event: {'category': 'dbt', 'action': 'invocation', 'label': 'start', 'context': [<snowplow_tracker.self_describing_json.SelfDescribingJson object at 0x107d86870>, <snowplow_tracker.self_describing_json.SelfDescribingJson object at 0x108b74770>, <snowplow_tracker.self_describing_json.SelfDescribingJson object at 0x108b744d0>]}


============================== 10:39:27.205408 | d7afe8f0-cdb4-4e33-94f6-497bec0c548d ==============================
[0m10:39:27.205408 [info ] [MainThread]: Running with dbt=1.11.9
[0m10:39:27.205648 [debug] [MainThread]: running dbt with arguments {'indirect_selection': 'eager', 'cache_selected_only': 'False', 'version_check': 'True', 'send_anonymous_usage_stats': 'True', 'invocation_command': 'dbt run --select staging --target dev', 'fail_fast': 'False', 'no_print': 'None', 'warn_error_options': 'WarnErrorOptionsV2(error=[], warn=[], silence=[])', 'empty': 'False', 'log_cache_events': 'False', 'quiet': 'False', 'introspect': 'True', 'write_json': 'True', 'printer_width': '80', 'use_experimental_parser': 'False', 'debug': 'False', 'log_path': '/Users/srujan/dbt_learn/dbt_learn_repository/logs', 'static_parser': 'True', 'profiles_dir': '/Users/srujan/.dbt', 'target_path': 'None', 'use_colors': 'True', 'warn_error': 'None', 'log_format': 'default', 'partial_parse': 'True'}
[0m10:39:27.385043 [debug] [MainThread]: Snowflake adapter: Setting snowflake.connector to ERROR (file logging only)
[0m10:39:27.385259 [debug] [MainThread]: Snowflake adapter: Setting botocore to ERROR (file logging only)
[0m10:39:27.385366 [debug] [MainThread]: Snowflake adapter: Setting boto3 to ERROR (file logging only)
[0m10:39:27.471551 [debug] [MainThread]: Sending event: {'category': 'dbt', 'action': 'project_id', 'label': 'd7afe8f0-cdb4-4e33-94f6-497bec0c548d', 'context': [<snowplow_tracker.self_describing_json.SelfDescribingJson object at 0x1099e6cf0>]}
[0m10:39:27.491446 [debug] [MainThread]: Sending event: {'category': 'dbt', 'action': 'adapter_info', 'label': 'd7afe8f0-cdb4-4e33-94f6-497bec0c548d', 'context': [<snowplow_tracker.self_describing_json.SelfDescribingJson object at 0x108e7e930>]}
[0m10:39:27.491943 [info ] [MainThread]: Registered adapter: snowflake=1.11.4
[0m10:39:27.539960 [debug] [MainThread]: checksum: a2a6c3ad70d97238cd4662b1abb61bcb7b07a15f9f2431ec5bf3dbb2eaaa5bac, vars: {}, profile: , target: dev, version: 1.11.9
[0m10:39:27.611184 [debug] [MainThread]: Partial parsing enabled: 0 files deleted, 5 files added, 0 files changed.
[0m10:39:27.611445 [debug] [MainThread]: Partial parsing: added file: dbt_learn_repository://models/staging/stg_region.sql
[0m10:39:27.611554 [debug] [MainThread]: Partial parsing: added file: dbt_learn_repository://models/staging/stg_supplier.sql
[0m10:39:27.611646 [debug] [MainThread]: Partial parsing: added file: dbt_learn_repository://models/staging/stg_orders.sql
[0m10:39:27.611734 [debug] [MainThread]: Partial parsing: added file: dbt_learn_repository://models/staging/stg_nation.sql
[0m10:39:27.611831 [debug] [MainThread]: Partial parsing: added file: dbt_learn_repository://models/staging/stg_customer.sql
[0m10:39:27.701132 [debug] [MainThread]: Sending event: {'category': 'dbt', 'action': 'load_project', 'label': 'd7afe8f0-cdb4-4e33-94f6-497bec0c548d', 'context': [<snowplow_tracker.self_describing_json.SelfDescribingJson object at 0x10a195910>]}
[0m10:39:27.728207 [debug] [MainThread]: Wrote artifact WritableManifest to /Users/srujan/dbt_learn/dbt_learn_repository/target/manifest.json
[0m10:39:27.729295 [debug] [MainThread]: Wrote artifact SemanticManifest to /Users/srujan/dbt_learn/dbt_learn_repository/target/semantic_manifest.json
[0m10:39:27.734316 [debug] [MainThread]: Sending event: {'category': 'dbt', 'action': 'resource_counts', 'label': 'd7afe8f0-cdb4-4e33-94f6-497bec0c548d', 'context': [<snowplow_tracker.self_describing_json.SelfDescribingJson object at 0x10aed95e0>]}
[0m10:39:27.734477 [info ] [MainThread]: Found 14 models, 4 data tests, 526 macros
[0m10:39:27.734600 [debug] [MainThread]: Sending event: {'category': 'dbt', 'action': 'runnable_timing', 'label': 'd7afe8f0-cdb4-4e33-94f6-497bec0c548d', 'context': [<snowplow_tracker.self_describing_json.SelfDescribingJson object at 0x10ae85460>]}
[0m10:39:27.735266 [info ] [MainThread]: 
[0m10:39:27.735387 [info ] [MainThread]: Concurrency: 1 threads (target='dev')
[0m10:39:27.735477 [info ] [MainThread]: 
[0m10:39:27.735637 [debug] [MainThread]: Acquiring new snowflake connection 'master'
[0m10:39:27.737123 [debug] [ThreadPool]: Acquiring new snowflake connection 'list_DBT_DEMO'
[0m10:39:27.762794 [debug] [ThreadPool]: Using snowflake connection "list_DBT_DEMO"
[0m10:39:27.762961 [debug] [ThreadPool]: On list_DBT_DEMO: show terse schemas in database DBT_DEMO
    limit 10000
/* {"app": "dbt", "dbt_version": "1.11.9", "profile_name": "dbt_learn_repository", "target_name": "dev", "connection_name": "list_DBT_DEMO"} */
[0m10:39:27.763057 [debug] [ThreadPool]: Opening a new connection, currently in state init
[0m10:39:28.941683 [debug] [ThreadPool]: SQL status: SUCCESS 4 in 1.179 seconds
[0m10:39:28.944571 [debug] [ThreadPool]: Re-using an available connection from the pool (formerly list_DBT_DEMO, now list_DBT_DEMO_RAWLAYER)
[0m10:39:28.949732 [debug] [ThreadPool]: Using snowflake connection "list_DBT_DEMO_RAWLAYER"
[0m10:39:28.949884 [debug] [ThreadPool]: On list_DBT_DEMO_RAWLAYER: show objects in DBT_DEMO.RAWLAYER
    limit 10000
    

/* {"app": "dbt", "dbt_version": "1.11.9", "profile_name": "dbt_learn_repository", "target_name": "dev", "connection_name": "list_DBT_DEMO_RAWLAYER"} */;
[0m10:39:29.056972 [debug] [ThreadPool]: SQL status: SUCCESS 6 in 0.107 seconds
[0m10:39:29.059902 [debug] [ThreadPool]: Re-using an available connection from the pool (formerly list_DBT_DEMO_RAWLAYER, now list_DBT_DEMO_PUBLIC)
[0m10:39:29.064116 [debug] [ThreadPool]: Using snowflake connection "list_DBT_DEMO_PUBLIC"
[0m10:39:29.064542 [debug] [ThreadPool]: On list_DBT_DEMO_PUBLIC: show objects in DBT_DEMO.PUBLIC
    limit 10000
    

/* {"app": "dbt", "dbt_version": "1.11.9", "profile_name": "dbt_learn_repository", "target_name": "dev", "connection_name": "list_DBT_DEMO_PUBLIC"} */;
[0m10:39:29.142352 [debug] [ThreadPool]: SQL status: SUCCESS 3 in 0.077 seconds
[0m10:39:29.143996 [debug] [ThreadPool]: Re-using an available connection from the pool (formerly list_DBT_DEMO_PUBLIC, now list_DBT_DEMO_STAGING)
[0m10:39:29.146289 [debug] [ThreadPool]: Using snowflake connection "list_DBT_DEMO_STAGING"
[0m10:39:29.146541 [debug] [ThreadPool]: On list_DBT_DEMO_STAGING: show objects in DBT_DEMO.STAGING
    limit 10000
    

/* {"app": "dbt", "dbt_version": "1.11.9", "profile_name": "dbt_learn_repository", "target_name": "dev", "connection_name": "list_DBT_DEMO_STAGING"} */;
[0m10:39:29.247902 [debug] [ThreadPool]: SQL status: SUCCESS 0 in 0.101 seconds
[0m10:39:29.251630 [debug] [MainThread]: Sending event: {'category': 'dbt', 'action': 'runnable_timing', 'label': 'd7afe8f0-cdb4-4e33-94f6-497bec0c548d', 'context': [<snowplow_tracker.self_describing_json.SelfDescribingJson object at 0x109f8a360>]}
[0m10:39:29.255932 [debug] [Thread-2 (]: Began running node model.dbt_learn_repository.stg_customer
[0m10:39:29.256467 [info ] [Thread-2 (]: 1 of 5 START sql view model STAGING.stg_customer ............................... [RUN]
[0m10:39:29.256888 [debug] [Thread-2 (]: Re-using an available connection from the pool (formerly list_DBT_DEMO_STAGING, now model.dbt_learn_repository.stg_customer)
[0m10:39:29.257198 [debug] [Thread-2 (]: Began compiling node model.dbt_learn_repository.stg_customer
[0m10:39:29.264195 [debug] [Thread-2 (]: Writing injected SQL for node "model.dbt_learn_repository.stg_customer"
[0m10:39:29.265096 [debug] [Thread-2 (]: Began executing node model.dbt_learn_repository.stg_customer
[0m10:39:29.282977 [debug] [Thread-2 (]: Writing runtime sql for node "model.dbt_learn_repository.stg_customer"
[0m10:39:29.283687 [debug] [Thread-2 (]: Using snowflake connection "model.dbt_learn_repository.stg_customer"
[0m10:39:29.283864 [debug] [Thread-2 (]: On model.dbt_learn_repository.stg_customer: create or replace   view DBT_DEMO.STAGING.stg_customer
  
  
  
  
  as (
    

select
    c_custkey as customer_key,
    upper(trim(c_name)) as customer_name,
    lower(trim(c_mktsegment)) as market_segment,
    c_nationkey as nation_key,
    c_acctbal as account_balance
from DBT_DEMO.RAWLAYER.customer
  )
/* {"app": "dbt", "dbt_version": "1.11.9", "profile_name": "dbt_learn_repository", "target_name": "dev", "node_id": "model.dbt_learn_repository.stg_customer"} */;
[0m10:39:29.549295 [debug] [Thread-2 (]: SQL status: SUCCESS 1 in 0.265 seconds
[0m10:39:29.562089 [debug] [Thread-2 (]: Sending event: {'category': 'dbt', 'action': 'run_model', 'label': 'd7afe8f0-cdb4-4e33-94f6-497bec0c548d', 'context': [<snowplow_tracker.self_describing_json.SelfDescribingJson object at 0x108b886e0>]}
[0m10:39:29.562436 [info ] [Thread-2 (]: 1 of 5 OK created sql view model STAGING.stg_customer .......................... [[32mSUCCESS 1[0m in 0.30s]
[0m10:39:29.562692 [debug] [Thread-2 (]: Finished running node model.dbt_learn_repository.stg_customer
[0m10:39:29.562855 [debug] [Thread-2 (]: Began running node model.dbt_learn_repository.stg_nation
[0m10:39:29.563115 [info ] [Thread-2 (]: 2 of 5 START sql view model STAGING.stg_nation ................................. [RUN]
[0m10:39:29.563371 [debug] [Thread-2 (]: Re-using an available connection from the pool (formerly model.dbt_learn_repository.stg_customer, now model.dbt_learn_repository.stg_nation)
[0m10:39:29.563532 [debug] [Thread-2 (]: Began compiling node model.dbt_learn_repository.stg_nation
[0m10:39:29.565049 [debug] [Thread-2 (]: Writing injected SQL for node "model.dbt_learn_repository.stg_nation"
[0m10:39:29.565440 [debug] [Thread-2 (]: Began executing node model.dbt_learn_repository.stg_nation
[0m10:39:29.567411 [debug] [Thread-2 (]: Writing runtime sql for node "model.dbt_learn_repository.stg_nation"
[0m10:39:29.567837 [debug] [Thread-2 (]: Using snowflake connection "model.dbt_learn_repository.stg_nation"
[0m10:39:29.567980 [debug] [Thread-2 (]: On model.dbt_learn_repository.stg_nation: create or replace   view DBT_DEMO.STAGING.stg_nation
  
  
  
  
  as (
    

select
    n_nationkey as nation_key,
    upper(trim(n_name)) as nation_name,
    n_regionkey as region_key
from DBT_DEMO.RAWLAYER.nation
  )
/* {"app": "dbt", "dbt_version": "1.11.9", "profile_name": "dbt_learn_repository", "target_name": "dev", "node_id": "model.dbt_learn_repository.stg_nation"} */;
[0m10:39:29.865444 [debug] [Thread-2 (]: SQL status: SUCCESS 1 in 0.297 seconds
[0m10:39:29.867167 [debug] [Thread-2 (]: Sending event: {'category': 'dbt', 'action': 'run_model', 'label': 'd7afe8f0-cdb4-4e33-94f6-497bec0c548d', 'context': [<snowplow_tracker.self_describing_json.SelfDescribingJson object at 0x10b4c3350>]}
[0m10:39:29.867833 [info ] [Thread-2 (]: 2 of 5 OK created sql view model STAGING.stg_nation ............................ [[32mSUCCESS 1[0m in 0.30s]
[0m10:39:29.868376 [debug] [Thread-2 (]: Finished running node model.dbt_learn_repository.stg_nation
[0m10:39:29.868672 [debug] [Thread-2 (]: Began running node model.dbt_learn_repository.stg_orders
[0m10:39:29.869105 [info ] [Thread-2 (]: 3 of 5 START sql view model STAGING.stg_orders ................................. [RUN]
[0m10:39:29.869555 [debug] [Thread-2 (]: Re-using an available connection from the pool (formerly model.dbt_learn_repository.stg_nation, now model.dbt_learn_repository.stg_orders)
[0m10:39:29.869865 [debug] [Thread-2 (]: Began compiling node model.dbt_learn_repository.stg_orders
[0m10:39:29.873070 [debug] [Thread-2 (]: Writing injected SQL for node "model.dbt_learn_repository.stg_orders"
[0m10:39:29.873880 [debug] [Thread-2 (]: Began executing node model.dbt_learn_repository.stg_orders
[0m10:39:29.876955 [debug] [Thread-2 (]: Writing runtime sql for node "model.dbt_learn_repository.stg_orders"
[0m10:39:29.878334 [debug] [Thread-2 (]: Using snowflake connection "model.dbt_learn_repository.stg_orders"
[0m10:39:29.878700 [debug] [Thread-2 (]: On model.dbt_learn_repository.stg_orders: create or replace   view DBT_DEMO.STAGING.stg_orders
  
  
  
  
  as (
    

select
    o_orderkey as order_key,
    o_custkey as customer_key,
    upper(trim(o_orderstatus)) as order_status,
    o_totalprice as total_price,
    o_orderdate as order_date,
    upper(trim(o_orderpriority)) as order_priority,
    trim(o_clerk) as clerk_name,
    o_shippriority as ship_priority
from DBT_DEMO.RAWLAYER.orders
  )
/* {"app": "dbt", "dbt_version": "1.11.9", "profile_name": "dbt_learn_repository", "target_name": "dev", "node_id": "model.dbt_learn_repository.stg_orders"} */;
[0m10:39:30.305754 [debug] [Thread-2 (]: SQL status: SUCCESS 1 in 0.427 seconds
[0m10:39:30.308872 [debug] [Thread-2 (]: Sending event: {'category': 'dbt', 'action': 'run_model', 'label': 'd7afe8f0-cdb4-4e33-94f6-497bec0c548d', 'context': [<snowplow_tracker.self_describing_json.SelfDescribingJson object at 0x10b3baba0>]}
[0m10:39:30.309664 [info ] [Thread-2 (]: 3 of 5 OK created sql view model STAGING.stg_orders ............................ [[32mSUCCESS 1[0m in 0.44s]
[0m10:39:30.310219 [debug] [Thread-2 (]: Finished running node model.dbt_learn_repository.stg_orders
[0m10:39:30.310616 [debug] [Thread-2 (]: Began running node model.dbt_learn_repository.stg_region
[0m10:39:30.311143 [info ] [Thread-2 (]: 4 of 5 START sql view model STAGING.stg_region ................................. [RUN]
[0m10:39:30.311651 [debug] [Thread-2 (]: Re-using an available connection from the pool (formerly model.dbt_learn_repository.stg_orders, now model.dbt_learn_repository.stg_region)
[0m10:39:30.312043 [debug] [Thread-2 (]: Began compiling node model.dbt_learn_repository.stg_region
[0m10:39:30.316385 [debug] [Thread-2 (]: Writing injected SQL for node "model.dbt_learn_repository.stg_region"
[0m10:39:30.317403 [debug] [Thread-2 (]: Began executing node model.dbt_learn_repository.stg_region
[0m10:39:30.320294 [debug] [Thread-2 (]: Writing runtime sql for node "model.dbt_learn_repository.stg_region"
[0m10:39:30.321493 [debug] [Thread-2 (]: Using snowflake connection "model.dbt_learn_repository.stg_region"
[0m10:39:30.322017 [debug] [Thread-2 (]: On model.dbt_learn_repository.stg_region: create or replace   view DBT_DEMO.STAGING.stg_region
  
  
  
  
  as (
    

select
    r_regionkey as region_key,
    upper(trim(r_name)) as region_name,
    trim(r_comment) as region_comment
from DBT_DEMO.RAWLAYER.region
  )
/* {"app": "dbt", "dbt_version": "1.11.9", "profile_name": "dbt_learn_repository", "target_name": "dev", "node_id": "model.dbt_learn_repository.stg_region"} */;
[0m10:39:30.584125 [debug] [Thread-2 (]: SQL status: SUCCESS 1 in 0.261 seconds
[0m10:39:30.588250 [debug] [Thread-2 (]: Sending event: {'category': 'dbt', 'action': 'run_model', 'label': 'd7afe8f0-cdb4-4e33-94f6-497bec0c548d', 'context': [<snowplow_tracker.self_describing_json.SelfDescribingJson object at 0x10b3c92b0>]}
[0m10:39:30.588997 [info ] [Thread-2 (]: 4 of 5 OK created sql view model STAGING.stg_region ............................ [[32mSUCCESS 1[0m in 0.28s]
[0m10:39:30.589678 [debug] [Thread-2 (]: Finished running node model.dbt_learn_repository.stg_region
[0m10:39:30.590080 [debug] [Thread-2 (]: Began running node model.dbt_learn_repository.stg_supplier
[0m10:39:30.590649 [info ] [Thread-2 (]: 5 of 5 START sql view model STAGING.stg_supplier ............................... [RUN]
[0m10:39:30.591198 [debug] [Thread-2 (]: Re-using an available connection from the pool (formerly model.dbt_learn_repository.stg_region, now model.dbt_learn_repository.stg_supplier)
[0m10:39:30.591500 [debug] [Thread-2 (]: Began compiling node model.dbt_learn_repository.stg_supplier
[0m10:39:30.594406 [debug] [Thread-2 (]: Writing injected SQL for node "model.dbt_learn_repository.stg_supplier"
[0m10:39:30.595162 [debug] [Thread-2 (]: Began executing node model.dbt_learn_repository.stg_supplier
[0m10:39:30.597437 [debug] [Thread-2 (]: Writing runtime sql for node "model.dbt_learn_repository.stg_supplier"
[0m10:39:30.598302 [debug] [Thread-2 (]: Using snowflake connection "model.dbt_learn_repository.stg_supplier"
[0m10:39:30.598545 [debug] [Thread-2 (]: On model.dbt_learn_repository.stg_supplier: create or replace   view DBT_DEMO.STAGING.stg_supplier
  
  
  
  
  as (
    

select
    s_suppkey as supplier_key,
    upper(trim(s_name)) as supplier_name,
    s_nationkey as nation_key,
    trim(s_phone) as phone_number,
    s_acctbal as account_balance,
    upper(trim(s_address)) as supplier_address
from DBT_DEMO.RAWLAYER.supplier
  )
/* {"app": "dbt", "dbt_version": "1.11.9", "profile_name": "dbt_learn_repository", "target_name": "dev", "node_id": "model.dbt_learn_repository.stg_supplier"} */;
[0m10:39:30.891196 [debug] [Thread-2 (]: SQL status: SUCCESS 1 in 0.292 seconds
[0m10:39:30.895114 [debug] [Thread-2 (]: Sending event: {'category': 'dbt', 'action': 'run_model', 'label': 'd7afe8f0-cdb4-4e33-94f6-497bec0c548d', 'context': [<snowplow_tracker.self_describing_json.SelfDescribingJson object at 0x10b3fed50>]}
[0m10:39:30.895819 [info ] [Thread-2 (]: 5 of 5 OK created sql view model STAGING.stg_supplier .......................... [[32mSUCCESS 1[0m in 0.30s]
[0m10:39:30.896479 [debug] [Thread-2 (]: Finished running node model.dbt_learn_repository.stg_supplier
[0m10:39:30.897787 [debug] [MainThread]: Connection 'master' was properly closed.
[0m10:39:30.898070 [debug] [MainThread]: Connection 'model.dbt_learn_repository.stg_supplier' was left open.
[0m10:39:30.898329 [debug] [MainThread]: On model.dbt_learn_repository.stg_supplier: Close
[0m10:39:30.968503 [info ] [MainThread]: 
[0m10:39:30.969248 [info ] [MainThread]: Finished running 5 view models in 0 hours 0 minutes and 3.23 seconds (3.23s).
[0m10:39:30.970689 [debug] [MainThread]: Command end result
[0m10:39:30.999412 [debug] [MainThread]: Wrote artifact WritableManifest to /Users/srujan/dbt_learn/dbt_learn_repository/target/manifest.json
[0m10:39:31.000731 [debug] [MainThread]: Wrote artifact SemanticManifest to /Users/srujan/dbt_learn/dbt_learn_repository/target/semantic_manifest.json
[0m10:39:31.004265 [debug] [MainThread]: Wrote artifact RunExecutionResult to /Users/srujan/dbt_learn/dbt_learn_repository/target/run_results.json
[0m10:39:31.004413 [info ] [MainThread]: 
[0m10:39:31.004588 [info ] [MainThread]: [32mCompleted successfully[0m
[0m10:39:31.004715 [info ] [MainThread]: 
[0m10:39:31.004864 [info ] [MainThread]: Done. PASS=5 WARN=0 ERROR=0 SKIP=0 NO-OP=0 TOTAL=5
[0m10:39:31.007115 [debug] [MainThread]: Resource report: {"command_name": "run", "command_success": true, "command_wall_clock_time": 3.8335047, "process_in_blocks": "0", "process_kernel_time": 0.197957, "process_mem_max_rss": "170295296", "process_out_blocks": "0", "process_user_time": 1.073171}
[0m10:39:31.007339 [debug] [MainThread]: Command `dbt run` succeeded at 10:39:31.007294 after 3.83 seconds
[0m10:39:31.007526 [debug] [MainThread]: Sending event: {'category': 'dbt', 'action': 'invocation', 'label': 'end', 'context': [<snowplow_tracker.self_describing_json.SelfDescribingJson object at 0x108adc170>, <snowplow_tracker.self_describing_json.SelfDescribingJson object at 0x107dbc050>, <snowplow_tracker.self_describing_json.SelfDescribingJson object at 0x1089d9040>]}
[0m10:39:31.007684 [debug] [MainThread]: Flushing usage events
[0m10:39:31.110131 [debug] [MainThread]: An error was encountered while trying to flush usage events
[0m10:41:30.535679 [debug] [MainThread]: Sending event: {'category': 'dbt', 'action': 'invocation', 'label': 'start', 'context': [<snowplow_tracker.self_describing_json.SelfDescribingJson object at 0x10629b140>, <snowplow_tracker.self_describing_json.SelfDescribingJson object at 0x107200860>, <snowplow_tracker.self_describing_json.SelfDescribingJson object at 0x1072005c0>]}


============================== 10:41:30.538251 | 19536258-d66b-4940-a52a-055b68f394f1 ==============================
[0m10:41:30.538251 [info ] [MainThread]: Running with dbt=1.11.9
[0m10:41:30.538478 [debug] [MainThread]: running dbt with arguments {'quiet': 'False', 'use_colors': 'True', 'introspect': 'True', 'invocation_command': 'dbt docs generate', 'static_parser': 'True', 'warn_error_options': 'WarnErrorOptionsV2(error=[], warn=[], silence=[])', 'no_print': 'None', 'indirect_selection': 'eager', 'debug': 'False', 'profiles_dir': '/Users/srujan/.dbt', 'write_json': 'True', 'cache_selected_only': 'False', 'printer_width': '80', 'send_anonymous_usage_stats': 'True', 'log_cache_events': 'False', 'partial_parse': 'True', 'log_format': 'default', 'use_experimental_parser': 'False', 'version_check': 'True', 'target_path': 'None', 'log_path': '/Users/srujan/dbt_learn/dbt_learn_repository/logs', 'empty': 'None', 'warn_error': 'None', 'fail_fast': 'False'}
[0m10:41:30.722471 [debug] [MainThread]: Snowflake adapter: Setting snowflake.connector to ERROR (file logging only)
[0m10:41:30.722711 [debug] [MainThread]: Snowflake adapter: Setting botocore to ERROR (file logging only)
[0m10:41:30.722815 [debug] [MainThread]: Snowflake adapter: Setting boto3 to ERROR (file logging only)
[0m10:41:30.807997 [debug] [MainThread]: Sending event: {'category': 'dbt', 'action': 'project_id', 'label': '19536258-d66b-4940-a52a-055b68f394f1', 'context': [<snowplow_tracker.self_describing_json.SelfDescribingJson object at 0x1085b22d0>]}
[0m10:41:30.827019 [debug] [MainThread]: Sending event: {'category': 'dbt', 'action': 'adapter_info', 'label': '19536258-d66b-4940-a52a-055b68f394f1', 'context': [<snowplow_tracker.self_describing_json.SelfDescribingJson object at 0x107d854c0>]}
[0m10:41:30.827493 [info ] [MainThread]: Registered adapter: snowflake=1.11.4
[0m10:41:30.879135 [debug] [MainThread]: checksum: f8bb6a62265c70f2530bed05e52c2cee1c1844b101d398a67d5798350ab914c5, vars: {}, profile: , target: , version: 1.11.9
[0m10:41:30.912990 [info ] [MainThread]: Unable to do partial parsing because config vars, config profile, or config target have changed
[0m10:41:30.913182 [debug] [MainThread]: previous checksum: f8bb6a62265c70f2530bed05e52c2cee1c1844b101d398a67d5798350ab914c5, current checksum: a2a6c3ad70d97238cd4662b1abb61bcb7b07a15f9f2431ec5bf3dbb2eaaa5bac
[0m10:41:30.913309 [debug] [MainThread]: Sending event: {'category': 'dbt', 'action': 'partial_parser', 'label': '19536258-d66b-4940-a52a-055b68f394f1', 'context': [<snowplow_tracker.self_describing_json.SelfDescribingJson object at 0x1097b3b00>]}
[0m10:41:31.377988 [debug] [MainThread]: Sending event: {'category': 'dbt', 'action': 'load_project', 'label': '19536258-d66b-4940-a52a-055b68f394f1', 'context': [<snowplow_tracker.self_describing_json.SelfDescribingJson object at 0x109ab6d80>]}
[0m10:41:31.383357 [debug] [MainThread]: Sending event: {'category': 'dbt', 'action': 'resource_counts', 'label': '19536258-d66b-4940-a52a-055b68f394f1', 'context': [<snowplow_tracker.self_describing_json.SelfDescribingJson object at 0x109ab4500>]}
[0m10:41:31.383536 [info ] [MainThread]: Found 14 models, 4 data tests, 526 macros
[0m10:41:31.383656 [debug] [MainThread]: Sending event: {'category': 'dbt', 'action': 'runnable_timing', 'label': '19536258-d66b-4940-a52a-055b68f394f1', 'context': [<snowplow_tracker.self_describing_json.SelfDescribingJson object at 0x1099f6a20>]}
[0m10:41:31.384461 [info ] [MainThread]: 
[0m10:41:31.384578 [info ] [MainThread]: Concurrency: 1 threads (target='dev')
[0m10:41:31.384670 [info ] [MainThread]: 
[0m10:41:31.384827 [debug] [MainThread]: Acquiring new snowflake connection 'master'
[0m10:41:31.386487 [debug] [ThreadPool]: Acquiring new snowflake connection 'list_DBT_DEMO_RAWLAYER'
[0m10:41:31.414068 [debug] [ThreadPool]: Using snowflake connection "list_DBT_DEMO_RAWLAYER"
[0m10:41:31.414242 [debug] [ThreadPool]: On list_DBT_DEMO_RAWLAYER: show objects in DBT_DEMO.RAWLAYER
    limit 10000
    

/* {"app": "dbt", "dbt_version": "1.11.9", "profile_name": "dbt_learn_repository", "target_name": "dev", "connection_name": "list_DBT_DEMO_RAWLAYER"} */;
[0m10:41:31.414334 [debug] [ThreadPool]: Opening a new connection, currently in state init
[0m10:41:33.359473 [debug] [ThreadPool]: SQL status: SUCCESS 6 in 1.945 seconds
[0m10:41:33.362885 [debug] [ThreadPool]: Re-using an available connection from the pool (formerly list_DBT_DEMO_RAWLAYER, now list_DBT_DEMO_PUBLIC)
[0m10:41:33.367914 [debug] [ThreadPool]: Using snowflake connection "list_DBT_DEMO_PUBLIC"
[0m10:41:33.368239 [debug] [ThreadPool]: On list_DBT_DEMO_PUBLIC: show objects in DBT_DEMO.PUBLIC
    limit 10000
    

/* {"app": "dbt", "dbt_version": "1.11.9", "profile_name": "dbt_learn_repository", "target_name": "dev", "connection_name": "list_DBT_DEMO_PUBLIC"} */;
[0m10:41:33.513601 [debug] [ThreadPool]: SQL status: SUCCESS 3 in 0.145 seconds
[0m10:41:33.515918 [debug] [ThreadPool]: Re-using an available connection from the pool (formerly list_DBT_DEMO_PUBLIC, now list_DBT_DEMO_STAGING)
[0m10:41:33.519538 [debug] [ThreadPool]: Using snowflake connection "list_DBT_DEMO_STAGING"
[0m10:41:33.520036 [debug] [ThreadPool]: On list_DBT_DEMO_STAGING: show objects in DBT_DEMO.STAGING
    limit 10000
    

/* {"app": "dbt", "dbt_version": "1.11.9", "profile_name": "dbt_learn_repository", "target_name": "dev", "connection_name": "list_DBT_DEMO_STAGING"} */;
[0m10:41:33.635524 [debug] [ThreadPool]: SQL status: SUCCESS 5 in 0.115 seconds
[0m10:41:33.638686 [debug] [MainThread]: Sending event: {'category': 'dbt', 'action': 'runnable_timing', 'label': '19536258-d66b-4940-a52a-055b68f394f1', 'context': [<snowplow_tracker.self_describing_json.SelfDescribingJson object at 0x10231dac0>]}
[0m10:41:33.641875 [debug] [Thread-2 (]: Began running node model.dbt_learn_repository.customer
[0m10:41:33.642317 [debug] [Thread-2 (]: Re-using an available connection from the pool (formerly list_DBT_DEMO_STAGING, now model.dbt_learn_repository.customer)
[0m10:41:33.642643 [debug] [Thread-2 (]: Began compiling node model.dbt_learn_repository.customer
[0m10:41:33.649152 [debug] [Thread-2 (]: Writing injected SQL for node "model.dbt_learn_repository.customer"
[0m10:41:33.650386 [debug] [Thread-2 (]: Began executing node model.dbt_learn_repository.customer
[0m10:41:33.651010 [debug] [Thread-2 (]: Finished running node model.dbt_learn_repository.customer
[0m10:41:33.651331 [debug] [Thread-2 (]: Began running node model.dbt_learn_repository.my_first_dbt_model
[0m10:41:33.651619 [debug] [Thread-2 (]: Re-using an available connection from the pool (formerly model.dbt_learn_repository.customer, now model.dbt_learn_repository.my_first_dbt_model)
[0m10:41:33.651827 [debug] [Thread-2 (]: Began compiling node model.dbt_learn_repository.my_first_dbt_model
[0m10:41:33.653793 [debug] [Thread-2 (]: Writing injected SQL for node "model.dbt_learn_repository.my_first_dbt_model"
[0m10:41:33.654174 [debug] [Thread-2 (]: Began executing node model.dbt_learn_repository.my_first_dbt_model
[0m10:41:33.654401 [debug] [Thread-2 (]: Finished running node model.dbt_learn_repository.my_first_dbt_model
[0m10:41:33.654533 [debug] [Thread-2 (]: Began running node model.dbt_learn_repository.my_test_model
[0m10:41:33.654702 [debug] [Thread-2 (]: Re-using an available connection from the pool (formerly model.dbt_learn_repository.my_first_dbt_model, now model.dbt_learn_repository.my_test_model)
[0m10:41:33.654924 [debug] [Thread-2 (]: Began compiling node model.dbt_learn_repository.my_test_model
[0m10:41:33.655849 [debug] [Thread-2 (]: Writing injected SQL for node "model.dbt_learn_repository.my_test_model"
[0m10:41:33.656313 [debug] [Thread-2 (]: Began executing node model.dbt_learn_repository.my_test_model
[0m10:41:33.656509 [debug] [Thread-2 (]: Finished running node model.dbt_learn_repository.my_test_model
[0m10:41:33.656627 [debug] [Thread-2 (]: Began running node model.dbt_learn_repository.nation
[0m10:41:33.656756 [debug] [Thread-2 (]: Re-using an available connection from the pool (formerly model.dbt_learn_repository.my_test_model, now model.dbt_learn_repository.nation)
[0m10:41:33.656862 [debug] [Thread-2 (]: Began compiling node model.dbt_learn_repository.nation
[0m10:41:33.657459 [debug] [Thread-2 (]: Writing injected SQL for node "model.dbt_learn_repository.nation"
[0m10:41:33.657656 [debug] [Thread-2 (]: Began executing node model.dbt_learn_repository.nation
[0m10:41:33.657848 [debug] [Thread-2 (]: Finished running node model.dbt_learn_repository.nation
[0m10:41:33.657965 [debug] [Thread-2 (]: Began running node model.dbt_learn_repository.orders
[0m10:41:33.658091 [debug] [Thread-2 (]: Re-using an available connection from the pool (formerly model.dbt_learn_repository.nation, now model.dbt_learn_repository.orders)
[0m10:41:33.658216 [debug] [Thread-2 (]: Began compiling node model.dbt_learn_repository.orders
[0m10:41:33.658812 [debug] [Thread-2 (]: Writing injected SQL for node "model.dbt_learn_repository.orders"
[0m10:41:33.659187 [debug] [Thread-2 (]: Began executing node model.dbt_learn_repository.orders
[0m10:41:33.659362 [debug] [Thread-2 (]: Finished running node model.dbt_learn_repository.orders
[0m10:41:33.659472 [debug] [Thread-2 (]: Began running node model.dbt_learn_repository.region
[0m10:41:33.659590 [debug] [Thread-2 (]: Re-using an available connection from the pool (formerly model.dbt_learn_repository.orders, now model.dbt_learn_repository.region)
[0m10:41:33.659708 [debug] [Thread-2 (]: Began compiling node model.dbt_learn_repository.region
[0m10:41:33.660294 [debug] [Thread-2 (]: Writing injected SQL for node "model.dbt_learn_repository.region"
[0m10:41:33.660600 [debug] [Thread-2 (]: Began executing node model.dbt_learn_repository.region
[0m10:41:33.660776 [debug] [Thread-2 (]: Finished running node model.dbt_learn_repository.region
[0m10:41:33.660885 [debug] [Thread-2 (]: Began running node model.dbt_learn_repository.remote_model
[0m10:41:33.661001 [debug] [Thread-2 (]: Re-using an available connection from the pool (formerly model.dbt_learn_repository.region, now model.dbt_learn_repository.remote_model)
[0m10:41:33.661118 [debug] [Thread-2 (]: Began compiling node model.dbt_learn_repository.remote_model
[0m10:41:33.662021 [debug] [Thread-2 (]: Writing injected SQL for node "model.dbt_learn_repository.remote_model"
[0m10:41:33.662207 [debug] [Thread-2 (]: Began executing node model.dbt_learn_repository.remote_model
[0m10:41:33.662384 [debug] [Thread-2 (]: Finished running node model.dbt_learn_repository.remote_model
[0m10:41:33.662494 [debug] [Thread-2 (]: Began running node model.dbt_learn_repository.supplier
[0m10:41:33.662617 [debug] [Thread-2 (]: Re-using an available connection from the pool (formerly model.dbt_learn_repository.remote_model, now model.dbt_learn_repository.supplier)
[0m10:41:33.662723 [debug] [Thread-2 (]: Began compiling node model.dbt_learn_repository.supplier
[0m10:41:33.663347 [debug] [Thread-2 (]: Writing injected SQL for node "model.dbt_learn_repository.supplier"
[0m10:41:33.663520 [debug] [Thread-2 (]: Began executing node model.dbt_learn_repository.supplier
[0m10:41:33.663690 [debug] [Thread-2 (]: Finished running node model.dbt_learn_repository.supplier
[0m10:41:33.663800 [debug] [Thread-2 (]: Began running node model.dbt_learn_repository.stg_customer
[0m10:41:33.663921 [debug] [Thread-2 (]: Re-using an available connection from the pool (formerly model.dbt_learn_repository.supplier, now model.dbt_learn_repository.stg_customer)
[0m10:41:33.664080 [debug] [Thread-2 (]: Began compiling node model.dbt_learn_repository.stg_customer
[0m10:41:33.665155 [debug] [Thread-2 (]: Writing injected SQL for node "model.dbt_learn_repository.stg_customer"
[0m10:41:33.665524 [debug] [Thread-2 (]: Began executing node model.dbt_learn_repository.stg_customer
[0m10:41:33.665725 [debug] [Thread-2 (]: Finished running node model.dbt_learn_repository.stg_customer
[0m10:41:33.665846 [debug] [Thread-2 (]: Began running node model.dbt_learn_repository.my_second_dbt_model
[0m10:41:33.665974 [debug] [Thread-2 (]: Re-using an available connection from the pool (formerly model.dbt_learn_repository.stg_customer, now model.dbt_learn_repository.my_second_dbt_model)
[0m10:41:33.666079 [debug] [Thread-2 (]: Began compiling node model.dbt_learn_repository.my_second_dbt_model
[0m10:41:33.666909 [debug] [Thread-2 (]: Writing injected SQL for node "model.dbt_learn_repository.my_second_dbt_model"
[0m10:41:33.667363 [debug] [Thread-2 (]: Began executing node model.dbt_learn_repository.my_second_dbt_model
[0m10:41:33.667614 [debug] [Thread-2 (]: Finished running node model.dbt_learn_repository.my_second_dbt_model
[0m10:41:33.667748 [debug] [Thread-2 (]: Began running node test.dbt_learn_repository.not_null_my_first_dbt_model_id.5fb22c2710
[0m10:41:33.667874 [debug] [Thread-2 (]: Re-using an available connection from the pool (formerly model.dbt_learn_repository.my_second_dbt_model, now test.dbt_learn_repository.not_null_my_first_dbt_model_id.5fb22c2710)
[0m10:41:33.668003 [debug] [Thread-2 (]: Began compiling node test.dbt_learn_repository.not_null_my_first_dbt_model_id.5fb22c2710
[0m10:41:33.674928 [debug] [Thread-2 (]: Writing injected SQL for node "test.dbt_learn_repository.not_null_my_first_dbt_model_id.5fb22c2710"
[0m10:41:33.675376 [debug] [Thread-2 (]: Began executing node test.dbt_learn_repository.not_null_my_first_dbt_model_id.5fb22c2710
[0m10:41:33.675689 [debug] [Thread-2 (]: Finished running node test.dbt_learn_repository.not_null_my_first_dbt_model_id.5fb22c2710
[0m10:41:33.675874 [debug] [Thread-2 (]: Began running node test.dbt_learn_repository.unique_my_first_dbt_model_id.16e066b321
[0m10:41:33.676064 [debug] [Thread-2 (]: Re-using an available connection from the pool (formerly test.dbt_learn_repository.not_null_my_first_dbt_model_id.5fb22c2710, now test.dbt_learn_repository.unique_my_first_dbt_model_id.16e066b321)
[0m10:41:33.676227 [debug] [Thread-2 (]: Began compiling node test.dbt_learn_repository.unique_my_first_dbt_model_id.16e066b321
[0m10:41:33.680305 [debug] [Thread-2 (]: Writing injected SQL for node "test.dbt_learn_repository.unique_my_first_dbt_model_id.16e066b321"
[0m10:41:33.680592 [debug] [Thread-2 (]: Began executing node test.dbt_learn_repository.unique_my_first_dbt_model_id.16e066b321
[0m10:41:33.680847 [debug] [Thread-2 (]: Finished running node test.dbt_learn_repository.unique_my_first_dbt_model_id.16e066b321
[0m10:41:33.680969 [debug] [Thread-2 (]: Began running node model.dbt_learn_repository.stg_nation
[0m10:41:33.681089 [debug] [Thread-2 (]: Re-using an available connection from the pool (formerly test.dbt_learn_repository.unique_my_first_dbt_model_id.16e066b321, now model.dbt_learn_repository.stg_nation)
[0m10:41:33.681196 [debug] [Thread-2 (]: Began compiling node model.dbt_learn_repository.stg_nation
[0m10:41:33.682149 [debug] [Thread-2 (]: Writing injected SQL for node "model.dbt_learn_repository.stg_nation"
[0m10:41:33.682416 [debug] [Thread-2 (]: Began executing node model.dbt_learn_repository.stg_nation
[0m10:41:33.682674 [debug] [Thread-2 (]: Finished running node model.dbt_learn_repository.stg_nation
[0m10:41:33.682828 [debug] [Thread-2 (]: Began running node model.dbt_learn_repository.stg_orders
[0m10:41:33.682988 [debug] [Thread-2 (]: Re-using an available connection from the pool (formerly model.dbt_learn_repository.stg_nation, now model.dbt_learn_repository.stg_orders)
[0m10:41:33.683129 [debug] [Thread-2 (]: Began compiling node model.dbt_learn_repository.stg_orders
[0m10:41:33.684405 [debug] [Thread-2 (]: Writing injected SQL for node "model.dbt_learn_repository.stg_orders"
[0m10:41:33.684661 [debug] [Thread-2 (]: Began executing node model.dbt_learn_repository.stg_orders
[0m10:41:33.684908 [debug] [Thread-2 (]: Finished running node model.dbt_learn_repository.stg_orders
[0m10:41:33.685055 [debug] [Thread-2 (]: Began running node model.dbt_learn_repository.stg_region
[0m10:41:33.685199 [debug] [Thread-2 (]: Re-using an available connection from the pool (formerly model.dbt_learn_repository.stg_orders, now model.dbt_learn_repository.stg_region)
[0m10:41:33.685334 [debug] [Thread-2 (]: Began compiling node model.dbt_learn_repository.stg_region
[0m10:41:33.686482 [debug] [Thread-2 (]: Writing injected SQL for node "model.dbt_learn_repository.stg_region"
[0m10:41:33.686705 [debug] [Thread-2 (]: Began executing node model.dbt_learn_repository.stg_region
[0m10:41:33.686931 [debug] [Thread-2 (]: Finished running node model.dbt_learn_repository.stg_region
[0m10:41:33.687072 [debug] [Thread-2 (]: Began running node model.dbt_learn_repository.stg_supplier
[0m10:41:33.687216 [debug] [Thread-2 (]: Re-using an available connection from the pool (formerly model.dbt_learn_repository.stg_region, now model.dbt_learn_repository.stg_supplier)
[0m10:41:33.687347 [debug] [Thread-2 (]: Began compiling node model.dbt_learn_repository.stg_supplier
[0m10:41:33.688533 [debug] [Thread-2 (]: Writing injected SQL for node "model.dbt_learn_repository.stg_supplier"
[0m10:41:33.688761 [debug] [Thread-2 (]: Began executing node model.dbt_learn_repository.stg_supplier
[0m10:41:33.688986 [debug] [Thread-2 (]: Finished running node model.dbt_learn_repository.stg_supplier
[0m10:41:33.689127 [debug] [Thread-2 (]: Began running node test.dbt_learn_repository.not_null_my_second_dbt_model_id.151b76d778
[0m10:41:33.689270 [debug] [Thread-2 (]: Re-using an available connection from the pool (formerly model.dbt_learn_repository.stg_supplier, now test.dbt_learn_repository.not_null_my_second_dbt_model_id.151b76d778)
[0m10:41:33.689402 [debug] [Thread-2 (]: Began compiling node test.dbt_learn_repository.not_null_my_second_dbt_model_id.151b76d778
[0m10:41:33.690962 [debug] [Thread-2 (]: Writing injected SQL for node "test.dbt_learn_repository.not_null_my_second_dbt_model_id.151b76d778"
[0m10:41:33.691192 [debug] [Thread-2 (]: Began executing node test.dbt_learn_repository.not_null_my_second_dbt_model_id.151b76d778
[0m10:41:33.691410 [debug] [Thread-2 (]: Finished running node test.dbt_learn_repository.not_null_my_second_dbt_model_id.151b76d778
[0m10:41:33.691546 [debug] [Thread-2 (]: Began running node test.dbt_learn_repository.unique_my_second_dbt_model_id.57a0f8c493
[0m10:41:33.691685 [debug] [Thread-2 (]: Re-using an available connection from the pool (formerly test.dbt_learn_repository.not_null_my_second_dbt_model_id.151b76d778, now test.dbt_learn_repository.unique_my_second_dbt_model_id.57a0f8c493)
[0m10:41:33.691809 [debug] [Thread-2 (]: Began compiling node test.dbt_learn_repository.unique_my_second_dbt_model_id.57a0f8c493
[0m10:41:33.693226 [debug] [Thread-2 (]: Writing injected SQL for node "test.dbt_learn_repository.unique_my_second_dbt_model_id.57a0f8c493"
[0m10:41:33.693576 [debug] [Thread-2 (]: Began executing node test.dbt_learn_repository.unique_my_second_dbt_model_id.57a0f8c493
[0m10:41:33.693789 [debug] [Thread-2 (]: Finished running node test.dbt_learn_repository.unique_my_second_dbt_model_id.57a0f8c493
[0m10:41:33.694223 [debug] [MainThread]: Connection 'master' was properly closed.
[0m10:41:33.694361 [debug] [MainThread]: Connection 'test.dbt_learn_repository.unique_my_second_dbt_model_id.57a0f8c493' was left open.
[0m10:41:33.694484 [debug] [MainThread]: On test.dbt_learn_repository.unique_my_second_dbt_model_id.57a0f8c493: Close
[0m10:41:33.764626 [debug] [MainThread]: Command end result
[0m10:41:33.805428 [debug] [MainThread]: Wrote artifact WritableManifest to /Users/srujan/dbt_learn/dbt_learn_repository/target/manifest.json
[0m10:41:33.807250 [debug] [MainThread]: Wrote artifact SemanticManifest to /Users/srujan/dbt_learn/dbt_learn_repository/target/semantic_manifest.json
[0m10:41:33.810159 [debug] [MainThread]: Wrote artifact RunExecutionResult to /Users/srujan/dbt_learn/dbt_learn_repository/target/run_results.json
[0m10:41:33.812108 [debug] [MainThread]: Acquiring new snowflake connection 'generate_catalog'
[0m10:41:33.812275 [info ] [MainThread]: Building catalog
[0m10:41:33.815895 [debug] [ThreadPool]: Acquiring new snowflake connection 'DBT_DEMO.information_schema'
[0m10:41:33.822746 [debug] [ThreadPool]: Using snowflake connection "DBT_DEMO.information_schema"
[0m10:41:33.823068 [debug] [ThreadPool]: On DBT_DEMO.information_schema: with tables as (
            select
        table_catalog as "table_database",
        table_schema as "table_schema",
        table_name as "table_name",
        case
            when is_dynamic = 'YES' and table_type = 'BASE TABLE' THEN 'DYNAMIC TABLE'
            else table_type
        end as "table_type",
        comment as "table_comment",

        -- note: this is the _role_ that owns the table
        table_owner as "table_owner",

        'Clustering Key' as "stats:clustering_key:label",
        clustering_key as "stats:clustering_key:value",
        'The key used to cluster this table' as "stats:clustering_key:description",
        (clustering_key is not null) as "stats:clustering_key:include",

        'Row Count' as "stats:row_count:label",
        row_count as "stats:row_count:value",
        'An approximate count of rows in this table' as "stats:row_count:description",
        (row_count is not null) as "stats:row_count:include",

        'Approximate Size' as "stats:bytes:label",
        bytes as "stats:bytes:value",
        'Approximate size of the table as reported by Snowflake' as "stats:bytes:description",
        (bytes is not null) as "stats:bytes:include",

        'Last Modified' as "stats:last_modified:label",
        to_varchar(convert_timezone('UTC', last_altered), 'yyyy-mm-dd HH24:MI'||'UTC') as "stats:last_modified:value",
        'The timestamp for last update/change' as "stats:last_modified:description",
        (last_altered is not null and table_type='BASE TABLE') as "stats:last_modified:include"
    from DBT_DEMO.INFORMATION_SCHEMA.tables
            where (
                (
                    
    "table_schema" ilike 'STAGING' and upper("table_schema") = upper('STAGING')

                    and 
    "table_name" ilike 'stg_customer' and upper("table_name") = upper('stg_customer')

                )
             or 
                (
                    
    "table_schema" ilike 'STAGING' and upper("table_schema") = upper('STAGING')

                    and 
    "table_name" ilike 'stg_nation' and upper("table_name") = upper('stg_nation')

                )
             or 
                (
                    
    "table_schema" ilike 'RAWLAYER' and upper("table_schema") = upper('RAWLAYER')

                    and 
    "table_name" ilike 'supplier' and upper("table_name") = upper('supplier')

                )
             or 
                (
                    
    "table_schema" ilike 'PUBLIC' and upper("table_schema") = upper('PUBLIC')

                    and 
    "table_name" ilike 'remote_model' and upper("table_name") = upper('remote_model')

                )
             or 
                (
                    
    "table_schema" ilike 'PUBLIC' and upper("table_schema") = upper('PUBLIC')

                    and 
    "table_name" ilike 'my_test_model' and upper("table_name") = upper('my_test_model')

                )
             or 
                (
                    
    "table_schema" ilike 'RAWLAYER' and upper("table_schema") = upper('RAWLAYER')

                    and 
    "table_name" ilike 'customer' and upper("table_name") = upper('customer')

                )
             or 
                (
                    
    "table_schema" ilike 'STAGING' and upper("table_schema") = upper('STAGING')

                    and 
    "table_name" ilike 'stg_supplier' and upper("table_name") = upper('stg_supplier')

                )
             or 
                (
                    
    "table_schema" ilike 'STAGING' and upper("table_schema") = upper('STAGING')

                    and 
    "table_name" ilike 'stg_orders' and upper("table_name") = upper('stg_orders')

                )
             or 
                (
                    
    "table_schema" ilike 'RAWLAYER' and upper("table_schema") = upper('RAWLAYER')

                    and 
    "table_name" ilike 'region' and upper("table_name") = upper('region')

                )
             or 
                (
                    
    "table_schema" ilike 'RAWLAYER' and upper("table_schema") = upper('RAWLAYER')

                    and 
    "table_name" ilike 'orders' and upper("table_name") = upper('orders')

                )
             or 
                (
                    
    "table_schema" ilike 'STAGING' and upper("table_schema") = upper('STAGING')

                    and 
    "table_name" ilike 'stg_region' and upper("table_name") = upper('stg_region')

                )
             or 
                (
                    
    "table_schema" ilike 'RAWLAYER' and upper("table_schema") = upper('RAWLAYER')

                    and 
    "table_name" ilike 'my_second_dbt_model' and upper("table_name") = upper('my_second_dbt_model')

                )
             or 
                (
                    
    "table_schema" ilike 'RAWLAYER' and upper("table_schema") = upper('RAWLAYER')

                    and 
    "table_name" ilike 'my_first_dbt_model' and upper("table_name") = upper('my_first_dbt_model')

                )
             or 
                (
                    
    "table_schema" ilike 'RAWLAYER' and upper("table_schema") = upper('RAWLAYER')

                    and 
    "table_name" ilike 'nation' and upper("table_name") = upper('nation')

                )
            )
        ),
        columns as (
            select
        table_catalog as "table_database",
        table_schema as "table_schema",
        table_name as "table_name",

        column_name as "column_name",
        ordinal_position as "column_index",
        data_type as "column_type",
        comment as "column_comment"
    from DBT_DEMO.INFORMATION_SCHEMA.columns
            where (
                (
                    
    "table_schema" ilike 'STAGING' and upper("table_schema") = upper('STAGING')

                    and 
    "table_name" ilike 'stg_customer' and upper("table_name") = upper('stg_customer')

                )
             or 
                (
                    
    "table_schema" ilike 'STAGING' and upper("table_schema") = upper('STAGING')

                    and 
    "table_name" ilike 'stg_nation' and upper("table_name") = upper('stg_nation')

                )
             or 
                (
                    
    "table_schema" ilike 'RAWLAYER' and upper("table_schema") = upper('RAWLAYER')

                    and 
    "table_name" ilike 'supplier' and upper("table_name") = upper('supplier')

                )
             or 
                (
                    
    "table_schema" ilike 'PUBLIC' and upper("table_schema") = upper('PUBLIC')

                    and 
    "table_name" ilike 'remote_model' and upper("table_name") = upper('remote_model')

                )
             or 
                (
                    
    "table_schema" ilike 'PUBLIC' and upper("table_schema") = upper('PUBLIC')

                    and 
    "table_name" ilike 'my_test_model' and upper("table_name") = upper('my_test_model')

                )
             or 
                (
                    
    "table_schema" ilike 'RAWLAYER' and upper("table_schema") = upper('RAWLAYER')

                    and 
    "table_name" ilike 'customer' and upper("table_name") = upper('customer')

                )
             or 
                (
                    
    "table_schema" ilike 'STAGING' and upper("table_schema") = upper('STAGING')

                    and 
    "table_name" ilike 'stg_supplier' and upper("table_name") = upper('stg_supplier')

                )
             or 
                (
                    
    "table_schema" ilike 'STAGING' and upper("table_schema") = upper('STAGING')

                    and 
    "table_name" ilike 'stg_orders' and upper("table_name") = upper('stg_orders')

                )
             or 
                (
                    
    "table_schema" ilike 'RAWLAYER' and upper("table_schema") = upper('RAWLAYER')

                    and 
    "table_name" ilike 'region' and upper("table_name") = upper('region')

                )
             or 
                (
                    
    "table_schema" ilike 'RAWLAYER' and upper("table_schema") = upper('RAWLAYER')

                    and 
    "table_name" ilike 'orders' and upper("table_name") = upper('orders')

                )
             or 
                (
                    
    "table_schema" ilike 'STAGING' and upper("table_schema") = upper('STAGING')

                    and 
    "table_name" ilike 'stg_region' and upper("table_name") = upper('stg_region')

                )
             or 
                (
                    
    "table_schema" ilike 'RAWLAYER' and upper("table_schema") = upper('RAWLAYER')

                    and 
    "table_name" ilike 'my_second_dbt_model' and upper("table_name") = upper('my_second_dbt_model')

                )
             or 
                (
                    
    "table_schema" ilike 'RAWLAYER' and upper("table_schema") = upper('RAWLAYER')

                    and 
    "table_name" ilike 'my_first_dbt_model' and upper("table_name") = upper('my_first_dbt_model')

                )
             or 
                (
                    
    "table_schema" ilike 'RAWLAYER' and upper("table_schema") = upper('RAWLAYER')

                    and 
    "table_name" ilike 'nation' and upper("table_name") = upper('nation')

                )
            )
        )
        select *
    from tables
    join columns using ("table_database", "table_schema", "table_name")
    order by "column_index"
/* {"app": "dbt", "dbt_version": "1.11.9", "profile_name": "dbt_learn_repository", "target_name": "dev", "connection_name": "DBT_DEMO.information_schema"} */
[0m10:41:33.823323 [debug] [ThreadPool]: Opening a new connection, currently in state init
[0m10:41:40.336283 [debug] [ThreadPool]: SQL status: SUCCESS 58 in 6.513 seconds
[0m10:41:40.368459 [debug] [MainThread]: Wrote artifact CatalogArtifact to /Users/srujan/dbt_learn/dbt_learn_repository/target/catalog.json
[0m10:41:40.386866 [debug] [MainThread]: Wrote artifact WritableManifest to /Users/srujan/dbt_learn/dbt_learn_repository/target/manifest.json
[0m10:41:40.387706 [debug] [MainThread]: Wrote artifact SemanticManifest to /Users/srujan/dbt_learn/dbt_learn_repository/target/semantic_manifest.json
[0m10:41:40.387840 [info ] [MainThread]: Catalog written to /Users/srujan/dbt_learn/dbt_learn_repository/target/catalog.json
[0m10:41:40.390040 [debug] [MainThread]: Resource report: {"command_name": "generate", "command_success": true, "command_wall_clock_time": 9.885973, "process_in_blocks": "0", "process_kernel_time": 0.215455, "process_mem_max_rss": "167608320", "process_out_blocks": "0", "process_user_time": 1.465115}
[0m10:41:40.390258 [debug] [MainThread]: Command `dbt docs generate` succeeded at 10:41:40.390217 after 9.89 seconds
[0m10:41:40.390390 [debug] [MainThread]: Connection 'generate_catalog' was properly closed.
[0m10:41:40.390496 [debug] [MainThread]: Connection 'DBT_DEMO.information_schema' was left open.
[0m10:41:40.390604 [debug] [MainThread]: On DBT_DEMO.information_schema: Close
[0m10:41:40.448149 [debug] [MainThread]: Sending event: {'category': 'dbt', 'action': 'invocation', 'label': 'end', 'context': [<snowplow_tracker.self_describing_json.SelfDescribingJson object at 0x10848dd90>, <snowplow_tracker.self_describing_json.SelfDescribingJson object at 0x1071cbfb0>, <snowplow_tracker.self_describing_json.SelfDescribingJson object at 0x1071cbe90>]}
[0m10:41:40.448502 [debug] [MainThread]: Flushing usage events
[0m10:41:40.570473 [debug] [MainThread]: An error was encountered while trying to flush usage events
[0m10:41:59.012917 [debug] [MainThread]: Sending event: {'category': 'dbt', 'action': 'invocation', 'label': 'start', 'context': [<snowplow_tracker.self_describing_json.SelfDescribingJson object at 0x105f809b0>, <snowplow_tracker.self_describing_json.SelfDescribingJson object at 0x106798ec0>, <snowplow_tracker.self_describing_json.SelfDescribingJson object at 0x106798c20>]}


============================== 10:41:59.015284 | c60bb7b8-f136-4951-b424-17b51488b9c7 ==============================
[0m10:41:59.015284 [info ] [MainThread]: Running with dbt=1.11.9
[0m10:41:59.015517 [debug] [MainThread]: running dbt with arguments {'warn_error': 'None', 'profiles_dir': '/Users/srujan/.dbt', 'warn_error_options': 'WarnErrorOptionsV2(error=[], warn=[], silence=[])', 'printer_width': '80', 'use_colors': 'True', 'log_cache_events': 'False', 'fail_fast': 'False', 'cache_selected_only': 'False', 'static_parser': 'True', 'debug': 'False', 'indirect_selection': 'eager', 'log_path': '/Users/srujan/dbt_learn/dbt_learn_repository/logs', 'quiet': 'False', 'invocation_command': 'dbt docs serve', 'partial_parse': 'True', 'use_experimental_parser': 'False', 'version_check': 'True', 'send_anonymous_usage_stats': 'True', 'no_print': 'None', 'empty': 'None', 'write_json': 'True', 'log_format': 'default', 'introspect': 'True', 'target_path': 'None'}
[0m10:41:59.195003 [debug] [MainThread]: Snowflake adapter: Setting snowflake.connector to ERROR (file logging only)
[0m10:41:59.195210 [debug] [MainThread]: Snowflake adapter: Setting botocore to ERROR (file logging only)
[0m10:41:59.195316 [debug] [MainThread]: Snowflake adapter: Setting boto3 to ERROR (file logging only)
[0m10:41:59.276890 [debug] [MainThread]: Sending event: {'category': 'dbt', 'action': 'project_id', 'label': 'c60bb7b8-f136-4951-b424-17b51488b9c7', 'context': [<snowplow_tracker.self_describing_json.SelfDescribingJson object at 0x105775220>]}
[0m10:41:59.296611 [debug] [MainThread]: Sending event: {'category': 'dbt', 'action': 'adapter_info', 'label': 'c60bb7b8-f136-4951-b424-17b51488b9c7', 'context': [<snowplow_tracker.self_describing_json.SelfDescribingJson object at 0x10679ac00>]}
[0m10:43:29.009011 [error] [MainThread]: Encountered an error:

[0m10:43:29.021092 [error] [MainThread]: Traceback (most recent call last):
  File "/Users/srujan/dbt_learn/dbtenv/lib/python3.12/site-packages/dbt/cli/requires.py", line 182, in wrapper
    result, success = func(*args, **kwargs)
                      ^^^^^^^^^^^^^^^^^^^^^
  File "/Users/srujan/dbt_learn/dbtenv/lib/python3.12/site-packages/dbt/cli/requires.py", line 128, in wrapper
    return func(*args, **kwargs)
           ^^^^^^^^^^^^^^^^^^^^^
  File "/Users/srujan/dbt_learn/dbtenv/lib/python3.12/site-packages/dbt/cli/requires.py", line 276, in wrapper
    return func(*args, **kwargs)
           ^^^^^^^^^^^^^^^^^^^^^
  File "/Users/srujan/dbt_learn/dbtenv/lib/python3.12/site-packages/dbt/cli/requires.py", line 321, in wrapper
    return func(*args, **kwargs)
           ^^^^^^^^^^^^^^^^^^^^^
  File "/Users/srujan/dbt_learn/dbtenv/lib/python3.12/site-packages/dbt/cli/requires.py", line 368, in wrapper
    return func(*args, **kwargs)
           ^^^^^^^^^^^^^^^^^^^^^
  File "/Users/srujan/dbt_learn/dbtenv/lib/python3.12/site-packages/dbt/cli/main.py", line 309, in docs_serve
    results = task.run()
              ^^^^^^^^^^
  File "/Users/srujan/dbt_learn/dbtenv/lib/python3.12/site-packages/dbt/task/docs/serve.py", line 29, in run
    httpd.serve_forever()
  File "/Library/Frameworks/Python.framework/Versions/3.12/lib/python3.12/socketserver.py", line 235, in serve_forever
    ready = selector.select(poll_interval)
            ^^^^^^^^^^^^^^^^^^^^^^^^^^^^^^
  File "/Library/Frameworks/Python.framework/Versions/3.12/lib/python3.12/selectors.py", line 415, in select
    fd_event_list = self._selector.poll(timeout)
                    ^^^^^^^^^^^^^^^^^^^^^^^^^^^^
KeyboardInterrupt

[0m10:43:29.028846 [debug] [MainThread]: Resource report: {"command_name": "serve", "command_success": false, "command_wall_clock_time": 90.04608, "process_in_blocks": "0", "process_kernel_time": 0.159952, "process_mem_max_rss": "141131776", "process_out_blocks": "0", "process_user_time": 0.673782}
[0m10:43:29.032242 [debug] [MainThread]: Command `dbt docs serve` failed at 10:43:29.031756 after 90.05 seconds
[0m10:43:29.033757 [debug] [MainThread]: Sending event: {'category': 'dbt', 'action': 'invocation', 'label': 'end', 'context': [<snowplow_tracker.self_describing_json.SelfDescribingJson object at 0x106798c20>, <snowplow_tracker.self_describing_json.SelfDescribingJson object at 0x1074bcbf0>, <snowplow_tracker.self_describing_json.SelfDescribingJson object at 0x1057d0950>]}
[0m10:43:29.034520 [debug] [MainThread]: Flushing usage events
[0m10:43:29.166821 [debug] [MainThread]: An error was encountered while trying to flush usage events
